variant,model,fold,n_train,n_test,n_pos_test,precision,recall,f1,roc_auc,pr_auc,mcc,ce_at_20,method,brier,nll,ece
consequence,logistic_regression,1,21519,2392,354,0.37280701754385964,0.7203389830508474,0.4913294797687861,0.8453881893736521,0.5246097316839529,0.4006492720967755,0.615819209039548,uncalibrated,,,
consequence,logistic_regression,2,21520,2391,354,0.36133333333333334,0.7655367231638418,0.49094202898550726,0.8362129696657041,0.5050145226130234,0.4059804199674711,0.5903954802259888,uncalibrated,,,
consequence,logistic_regression,3,21520,2391,354,0.3622795115332429,0.7542372881355932,0.4894592117323556,0.8360236750067259,0.5057224170441581,0.40264022813924705,0.576271186440678,uncalibrated,,,
consequence,logistic_regression,4,21520,2391,353,0.359504132231405,0.7393767705382436,0.48378127896200185,0.8215505953456563,0.5042803209586759,0.3943800798607872,0.56657223796034,uncalibrated,,,
consequence,logistic_regression,5,21520,2391,353,0.3575418994413408,0.7252124645892352,0.47895229186155286,0.8277250651224468,0.4693648402427441,0.38686716657701936,0.5637393767705382,uncalibrated,,,
consequence,logistic_regression,6,21520,2391,353,0.3656207366984993,0.7592067988668555,0.49355432780847147,0.84968738445457,0.565566201321608,0.4085770859737,0.6288951841359773,uncalibrated,,,
consequence,logistic_regression,7,21520,2391,353,0.3736413043478261,0.7790368271954674,0.5050505050505051,0.8526550776048284,0.5340136125036136,0.4248609404426227,0.6345609065155807,uncalibrated,,,
consequence,logistic_regression,8,21520,2391,353,0.3447332421340629,0.7138810198300283,0.46494464944649444,0.8265352078219217,0.5153177537603523,0.36870003923931266,0.5779036827195467,uncalibrated,,,
consequence,logistic_regression,9,21520,2391,353,0.374079528718704,0.7195467422096318,0.49224806201550386,0.8296794335389637,0.5009093933792846,0.4020047553033542,0.5835694050991501,uncalibrated,,,
consequence,logistic_regression,10,21520,2391,353,0.3631123919308357,0.7138810198300283,0.4813753581661891,0.8267249455807087,0.5412752483760302,0.38844244892926383,0.6005665722379604,uncalibrated,,,
consequence,logistic_regression,1,21519,2392,354,0.875,0.09887005649717515,0.17766497461928935,0.8348538780126744,0.5186329839938029,0.2669975019665364,0.6016949152542372,platt,0.10240032730209757,0.3440749547215288,0.0669930166756727
consequence,logistic_regression,2,21520,2391,354,0.7804878048780488,0.0903954802259887,0.1620253164556962,0.8302331999256689,0.5033832502974585,0.23520940037886423,0.5932203389830508,platt,0.10342629645033861,0.34729273339356337,0.07414722497973492
consequence,logistic_regression,3,21520,2391,354,0.75,0.0847457627118644,0.15228426395939088,0.8339296461784668,0.5055352147072508,0.22107659841846314,0.5875706214689266,platt,0.10298801145136975,0.346337642244225,0.0714601264674515
consequence,logistic_regression,4,21520,2391,353,0.8536585365853658,0.09915014164305949,0.17766497461928935,0.807058244626877,0.49722543543498293,0.26288517599792494,0.5750708215297451,platt,0.10404434580391853,0.3516963437416059,0.06733413538764658
consequence,logistic_regression,5,21520,2391,353,0.7631578947368421,0.0821529745042493,0.1483375959079284,0.8182979480521646,0.4597793459514847,0.22050263738732306,0.56657223796034,platt,0.10601963794683274,0.3535471127300343,0.06090716773152311
consequence,logistic_regression,6,21520,2391,353,0.84,0.11898016997167139,0.20843672456575682,0.8372494836074916,0.5625993299878299,0.285238600883045,0.6260623229461756,platt,0.09941669921969613,0.3382312737354793,0.07517761889585321
consequence,logistic_regression,7,21520,2391,353,0.75,0.0764872521246459,0.13881748071979436,0.8443622170266356,0.5274424722900892,0.2099443715488315,0.6288951841359773,platt,0.10211083908888136,0.3437709294161662,0.08036142188534254
consequence,logistic_regression,8,21520,2391,353,0.8431372549019608,0.12181303116147309,0.21287128712871287,0.8059281581954203,0.5065966221917702,0.2894440350517953,0.546742209631728,platt,0.10270719409228794,0.34866180106046524,0.054143641666420717
consequence,logistic_regression,9,21520,2391,353,0.7804878048780488,0.0906515580736544,0.16243654822335024,0.8208319548966242,0.4966364839782328,0.23564025651238607,0.5892351274787535,platt,0.10343688471388697,0.3479820727822757,0.06656614864982423
consequence,logistic_regression,10,21520,2391,353,0.8666666666666667,0.11048158640226628,0.19597989949748743,0.8142237988140347,0.5239829943177783,0.28072378636452777,0.5637393767705382,platt,0.10195060598150242,0.3457523482447584,0.059137172380183116
consequence,logistic_regression,1,21519,2392,354,0.717948717948718,0.15819209039548024,0.25925925925925924,0.8216839096710523,0.5154195867866084,0.29468902133782937,0.5988700564971752,isotonic,0.10720998749761322,0.3600491139373187,0.09160788246560414
consequence,logistic_regression,2,21520,2391,354,0.6891891891891891,0.1440677966101695,0.2383177570093458,0.8178167183933391,0.4875057484320597,0.272295259887005,0.5847457627118644,isotonic,0.10937339397412812,0.36577548778726215,0.09710578740555188
consequence,logistic_regression,3,21520,2391,354,0.7361111111111112,0.1497175141242938,0.24882629107981222,0.8258024568089218,0.4961695452032089,0.2917540672698806,0.5875706214689266,isotonic,0.10967379945373612,0.36681368479434623,0.0994569867920644
consequence,logistic_regression,4,21520,2391,353,0.7662337662337663,0.1671388101983003,0.2744186046511628,0.7920091908136344,0.48555595088368597,0.3180983994442165,0.5410764872521246,isotonic,0.11187135450080753,0.373471683094869,0.09185137715155735
consequence,logistic_regression,5,21520,2391,353,0.6507936507936508,0.11614730878186968,0.1971153846153846,0.8019290700486785,0.4371106464333197,0.23333084946444493,0.5382436260623229,isotonic,0.11167950933113349,0.3700874552483998,0.0810019463928558
consequence,logistic_regression,6,21520,2391,353,0.8505747126436781,0.2096317280453258,0.33636363636363636,0.8299289421668192,0.5598987830403291,0.38505731989690645,0.6260623229461756,isotonic,0.10553283668856311,0.35721164940605993,0.10252244231746459
consequence,logistic_regression,7,21520,2391,353,0.6951219512195121,0.16147308781869688,0.2620689655172414,0.8296259177608443,0.5155689601043881,0.29084212006028065,0.6062322946175638,isotonic,0.1078867934208384,0.3610944720619314,0.09950010551854825
consequence,logistic_regression,8,21520,2391,353,0.8192771084337349,0.19263456090651557,0.3119266055045872,0.7929717798096785,0.495777348428616,0.3590442026413688,0.5524079320113314,isotonic,0.1110784694342262,0.3719946635790676,0.10095908664901192
consequence,logistic_regression,9,21520,2391,353,0.7164179104477612,0.1359773371104816,0.22857142857142856,0.8144031114212401,0.488725397320358,0.27224161131491814,0.5779036827195467,isotonic,0.10905005309566228,0.3636143473364552,0.08521647331110518
consequence,logistic_regression,10,21520,2391,353,0.8695652173913043,0.16997167138810199,0.2843601895734597,0.7968527162384941,0.5079196234776168,0.3508145562714711,0.5297450424929179,isotonic,0.10807089858924611,0.36283590296720986,0.08912750535410421
consequence,random_forest,1,21519,2392,354,0.755,0.4265536723163842,0.5451263537906137,0.920075070829383,0.7105074447841118,0.5163517511742957,0.7711864406779662,uncalibrated,,,
consequence,random_forest,2,21520,2391,354,0.7607655502392344,0.4491525423728814,0.5648312611012434,0.910697991119099,0.7091777542630013,0.5339288799728056,0.751412429378531,uncalibrated,,,
consequence,random_forest,3,21520,2391,354,0.7688442211055276,0.4322033898305085,0.5533453887884268,0.9163130392817619,0.7030014759174504,0.526662888411881,0.7627118644067796,uncalibrated,,,
consequence,random_forest,4,21520,2391,353,0.8031914893617021,0.42776203966005666,0.5582255083179297,0.9161713561315181,0.7048116303176206,0.5398469152114228,0.7422096317280453,uncalibrated,,,
consequence,random_forest,5,21520,2391,353,0.7678571428571429,0.3654390934844193,0.4952015355086372,0.9089383859641318,0.6719731708400292,0.4806411271049667,0.7110481586402266,uncalibrated,,,
consequence,random_forest,6,21520,2391,353,0.8148148148148148,0.43626062322946174,0.5682656826568265,0.9245086973564596,0.7348297907927145,0.5510030377546972,0.7620396600566572,uncalibrated,,,
consequence,random_forest,7,21520,2391,353,0.7860696517412935,0.4475920679886686,0.5703971119133574,0.9197471831240427,0.701540536902713,0.5452318459708236,0.7620396600566572,uncalibrated,,,
consequence,random_forest,8,21520,2391,353,0.7526315789473684,0.40509915014164305,0.5267034990791897,0.9080105474733603,0.6777768556103029,0.5010815545188494,0.7252124645892352,uncalibrated,,,
consequence,random_forest,9,21520,2391,353,0.8059701492537313,0.45892351274787535,0.5848375451263538,0.918774168976417,0.7217441005363872,0.5622271930737812,0.7450424929178471,uncalibrated,,,
consequence,random_forest,10,21520,2391,353,0.8201058201058201,0.43909348441926344,0.5719557195571956,0.9085901859013029,0.69673128154192,0.5553727272151943,0.7223796033994334,uncalibrated,,,
consequence,random_forest,1,21519,2392,354,0.7606382978723404,0.403954802259887,0.5276752767527675,0.9134412268591674,0.6926852878750284,0.5038943260231878,0.7598870056497176,platt,0.07892564085022864,0.27727839201174326,0.06657945726307221
consequence,random_forest,2,21520,2391,354,0.764102564102564,0.4209039548022599,0.5428051001821493,0.904651656224258,0.6958357052136988,0.5168894488824124,0.731638418079096,platt,0.08050177039904753,0.28378694529731163,0.0671333764659199
consequence,random_forest,3,21520,2391,354,0.7624309392265194,0.3898305084745763,0.5158878504672897,0.9121339956566237,0.6852527479710556,0.495062047815967,0.7655367231638418,platt,0.08006442427456471,0.2803248358859882,0.07015039891171145
consequence,random_forest,4,21520,2391,353,0.8074534161490683,0.36827195467422097,0.5058365758754864,0.9144011653929448,0.6906890008180242,0.49977413372591706,0.7422096317280453,platt,0.0805313338927888,0.28169602971601193,0.06913234822070392
consequence,random_forest,5,21520,2391,353,0.7622377622377622,0.3087818696883853,0.43951612903225806,0.9008609785186277,0.6485320533432546,0.43697150072215485,0.6968838526912181,platt,0.0843767467338234,0.2909306028869176,0.059624435881418636
consequence,random_forest,6,21520,2391,353,0.8409090909090909,0.4192634560906516,0.5595463137996219,0.9212831554570804,0.7311585755342848,0.5508880312914869,0.7620396600566572,platt,0.07597964180565989,0.269852965278374,0.06852751321019325
consequence,random_forest,7,21520,2391,353,0.788235294117647,0.37960339943342775,0.5124282982791587,0.9141412316135076,0.6810073210633315,0.49960423582498287,0.7393767705382436,platt,0.08012910755418798,0.2813797280629574,0.06917597525146221
consequence,random_forest,8,21520,2391,353,0.7764705882352941,0.37393767705382436,0.5047801147227533,0.8929795639228594,0.654605968476348,0.49042891224244684,0.7053824362606232,platt,0.08436039142834408,0.294276598104326,0.07056220354850179
consequence,random_forest,9,21520,2391,353,0.8245614035087719,0.39943342776203966,0.5381679389312977,0.9138159668841584,0.6999946291294957,0.5296047730007825,0.7337110481586402,platt,0.07868284110774576,0.2769764900229528,0.06644416949596117
consequence,random_forest,10,21520,2391,353,0.8355263157894737,0.3597733711048159,0.502970297029703,0.8984548535335704,0.6698752358336895,0.5052466731692334,0.7025495750708215,platt,0.08241566693677872,0.28817196526187716,0.06058948147068601
consequence,random_forest,1,21519,2392,354,0.7666666666666667,0.3898305084745763,0.5168539325842697,0.9151197862089231,0.7005018508037072,0.4970070605121649,0.768361581920904,isotonic,0.07833775588807163,0.26499650005241104,0.060516315040978604
consequence,random_forest,2,21520,2391,354,0.7754010695187166,0.4096045197740113,0.5360443622920518,0.9074425390168882,0.6974822896321171,0.5145226252051326,0.7372881355932204,isotonic,0.0810023793170032,0.274476388984541,0.06467872441179841
consequence,random_forest,3,21520,2391,354,0.7572254335260116,0.3700564971751412,0.4971537001897533,0.9128370901042577,0.6876531161418785,0.47903073620056963,0.7711864406779662,isotonic,0.08021820577907501,0.2700880578080282,0.0637817948618617
consequence,random_forest,4,21520,2391,353,0.7987012987012987,0.34844192634560905,0.48520710059171596,0.9140237749056872,0.6913644191235938,0.4815500163981093,0.7337110481586402,isotonic,0.08055679982935202,0.2699995874834711,0.05794178095641427
consequence,random_forest,5,21520,2391,353,0.7878787878787878,0.29461756373937675,0.4288659793814433,0.9039419583160739,0.6539786213782021,0.43627770449034464,0.7110481586402266,isotonic,0.08350379264842109,0.2774420861349641,0.052557753109724846
consequence,random_forest,6,21520,2391,353,0.8392857142857143,0.39943342776203966,0.5412667946257198,0.9221262027149875,0.7323433781201778,0.5359948719376707,0.7563739376770539,isotonic,0.07643292267509573,0.2600290212770414,0.0627108717843724
consequence,random_forest,7,21520,2391,353,0.7986111111111112,0.32577903682719545,0.46277665995975853,0.9166717634074399,0.6887769486796421,0.46455119263775196,0.7507082152974505,isotonic,0.08020501155656694,0.2697251500967155,0.06306396063842774
consequence,random_forest,8,21520,2391,353,0.7834394904458599,0.34844192634560905,0.4823529411764706,0.8985945505647652,0.6641769478443469,0.4751389342995982,0.7053824362606232,isotonic,0.08352964978057828,0.27941843621312484,0.06094869783577729
consequence,random_forest,9,21520,2391,353,0.823170731707317,0.38243626062322944,0.5222437137330754,0.913645689408324,0.7035859137698688,0.5167720384965481,0.7252124645892352,isotonic,0.07924923952209845,0.2663105914090383,0.058305280404665316
consequence,random_forest,10,21520,2391,353,0.8472222222222222,0.34560906515580736,0.4909456740442656,0.9007622870836542,0.6735440848477698,0.4992412798233875,0.7053824362606232,isotonic,0.0823764323594422,0.2768050398442351,0.05662418513933953
consequence,xgboost,1,21519,2392,354,0.7488584474885844,0.4632768361581921,0.5724258289703316,0.9158544158169911,0.6998777172446289,0.5371884355593353,0.7344632768361582,uncalibrated,,,
consequence,xgboost,2,21520,2391,354,0.7336065573770492,0.5056497175141242,0.5986622073578596,0.9129889418636579,0.7208262351059245,0.5558099387855057,0.7542372881355932,uncalibrated,,,
consequence,xgboost,3,21520,2391,354,0.7293577981651376,0.4491525423728814,0.5559440559440559,0.9139714712840696,0.6942952358845502,0.5184215820599065,0.7457627118644068,uncalibrated,,,
consequence,xgboost,4,21520,2391,353,0.6991150442477876,0.4475920679886686,0.5457685664939551,0.9123175250968149,0.6814662308010291,0.5022774163468832,0.7393767705382436,uncalibrated,,,
consequence,xgboost,5,21520,2391,353,0.7475728155339806,0.43626062322946174,0.5509838998211091,0.9131925428195726,0.6804946414095991,0.5192814789618947,0.7478753541076487,uncalibrated,,,
consequence,xgboost,6,21520,2391,353,0.7333333333333333,0.46742209631728043,0.5709342560553633,0.9151969519636816,0.7071291381464625,0.5321385139532272,0.7422096317280453,uncalibrated,,,
consequence,xgboost,7,21520,2391,353,0.7096774193548387,0.4985835694050991,0.5856905158069884,0.914457461211486,0.6968992105851198,0.5389797632271035,0.7393767705382436,uncalibrated,,,
consequence,xgboost,8,21520,2391,353,0.7523364485981309,0.45609065155807366,0.5679012345679012,0.8985118443622171,0.6618120253686953,0.5344503901660327,0.6997167138810199,uncalibrated,,,
consequence,xgboost,9,21520,2391,353,0.7934272300469484,0.47875354107648727,0.5971731448763251,0.9109851907246733,0.7150504692978739,0.5693017081317897,0.7195467422096318,uncalibrated,,,
consequence,xgboost,10,21520,2391,353,0.7757009345794392,0.4702549575070821,0.5855379188712522,0.9032052476043001,0.6941486536115437,0.5551005794444147,0.7337110481586402,uncalibrated,,,
consequence,xgboost,1,21519,2392,354,0.7848101265822784,0.3502824858757062,0.484375,0.9090972095163642,0.676175796349604,0.47693471648847036,0.7457627118644068,platt,0.08322794569645184,0.2937717280969652,0.08207918223738937
consequence,xgboost,2,21520,2391,354,0.7777777777777778,0.3954802259887006,0.5243445692883895,0.8999643599066978,0.690952482209901,0.5059103584120008,0.7203389830508474,platt,0.08345902318677603,0.29619834516592647,0.08543624807166565
consequence,xgboost,3,21520,2391,354,0.7806451612903226,0.3418079096045198,0.47544204322200395,0.9118982440666872,0.6815930688964258,0.46895877967721505,0.731638418079096,platt,0.08252542129163644,0.2910095993706243,0.07706297802871416
consequence,xgboost,4,21520,2391,353,0.8108108108108109,0.33994334277620397,0.47904191616766467,0.9011514927427045,0.6585962396898485,0.4802128090752236,0.7252124645892352,platt,0.08613383171095623,0.3010426500251837,0.07859756281561553
consequence,xgboost,5,21520,2391,353,0.76,0.26912181303116145,0.39748953974895396,0.8956796781825207,0.6296119524162372,0.4054377183991537,0.7082152974504249,platt,0.08840121548598531,0.3066929766272985,0.08200974341546234
consequence,xgboost,6,21520,2391,353,0.8670886075949367,0.3881019830028329,0.5362035225048923,0.9108927543806487,0.7181794156502215,0.5394807092431784,0.7478753541076487,platt,0.0809897622709751,0.2901738089931153,0.08678240222301169
consequence,xgboost,7,21520,2391,353,0.7870967741935484,0.34560906515580736,0.48031496062992124,0.9074329940757337,0.6734965624917251,0.47460611778412587,0.7450424929178471,platt,0.083609892294554,0.29529290841668066,0.08652622403067843
consequence,xgboost,8,21520,2391,353,0.821656050955414,0.3654390934844193,0.5058823529411764,0.8801204869518803,0.6345723134124462,0.503698393102734,0.6912181303116147,platt,0.08776047474061904,0.3077053846551312,0.07459851160749621
consequence,xgboost,9,21520,2391,353,0.8273381294964028,0.32577903682719545,0.46747967479674796,0.9009131042765363,0.6822063766145674,0.4760267410695185,0.7053824362606232,platt,0.08404971782359524,0.2968747579554132,0.08521077524498288
consequence,xgboost,10,21520,2391,353,0.8796992481203008,0.3314447592067989,0.48148148148148145,0.8881054580533602,0.6611817472228428,0.5008434668740339,0.6770538243626062,platt,0.08665404407988063,0.30455030142733175,0.07660142377770937
consequence,xgboost,1,21519,2392,354,0.8028169014084507,0.3220338983050847,0.4596774193548387,0.9077395308350382,0.677853686175355,0.46327054065065415,0.751412429378531,isotonic,0.08475291945381246,0.29218133353810544,0.08091739738460497
consequence,xgboost,2,21520,2391,354,0.7974683544303798,0.3559322033898305,0.4921875,0.9020632424441615,0.6962043562971236,0.4863934179079602,0.731638418079096,isotonic,0.08530154908499814,0.29625435680750134,0.09194124848567731
consequence,xgboost,3,21520,2391,354,0.7785714285714286,0.307909604519774,0.44129554655870445,0.9122393904850659,0.6826257526715797,0.4427463252369802,0.7429378531073446,isotonic,0.08468364381373047,0.2925771697850398,0.08727521000774022
consequence,xgboost,4,21520,2391,353,0.8473282442748091,0.31444759206798867,0.45867768595041325,0.9020737711526325,0.6602627102780246,0.47487359163702686,0.7280453257790368,isotonic,0.08760013016441581,0.2986260309716025,0.07782942309708456
consequence,xgboost,5,21520,2391,353,0.7850467289719626,0.23796033994334279,0.3652173913043478,0.900968705084972,0.6339341611455834,0.3889131964319963,0.7082152974504249,isotonic,0.08809153716796786,0.298959193037078,0.07845593646573021
consequence,xgboost,6,21520,2391,353,0.8695652173913043,0.33994334277620397,0.48879837067209775,0.9119728000845132,0.7196498920069991,0.5036665567302357,0.7507082152974505,isotonic,0.08334635042554679,0.2901674427594932,0.09291217438776331
consequence,xgboost,7,21520,2391,353,0.816793893129771,0.3031161473087819,0.44214876033057854,0.9075115302176494,0.6778413494928685,0.4541502275325154,0.7337110481586402,isotonic,0.08600270850197525,0.29565490503655834,0.08835795310669471
consequence,xgboost,8,21520,2391,353,0.8345323741007195,0.3286118980169972,0.4715447154471545,0.8811226915239349,0.6324979967904236,0.4810652094840118,0.6940509915014165,isotonic,0.08916413322454658,0.3054908954782764,0.07709873103588666
consequence,xgboost,9,21520,2391,353,0.8405797101449275,0.3286118980169972,0.4725050916496945,0.9003716914043931,0.6788477036294938,0.4834442829480137,0.6997167138810199,isotonic,0.08545619495511125,0.2933768180018813,0.08337166959943058
consequence,xgboost,10,21520,2391,353,0.8803418803418803,0.29178470254957506,0.43829787234042555,0.8885822349856968,0.6566472896246317,0.4685079180999655,0.6742209631728046,isotonic,0.08846077245252579,0.3031457331471027,0.08165078634271648
consequence,lightgbm,1,21519,2392,354,0.5269230769230769,0.7740112994350282,0.6270022883295194,0.9150435510609161,0.6980384502992334,0.5624253996880961,0.7401129943502824,uncalibrated,,,
consequence,lightgbm,2,21520,2391,354,0.4927536231884058,0.768361581920904,0.6004415011037527,0.9082628158724612,0.6950598436279,0.5317412996926497,0.7344632768361582,uncalibrated,,,
consequence,lightgbm,3,21520,2391,354,0.5155642023346303,0.748587570621469,0.6105990783410138,0.9094949646233939,0.6790265966824539,0.5415017036450649,0.7288135593220338,uncalibrated,,,
consequence,lightgbm,4,21520,2391,353,0.49444444444444446,0.7563739376770539,0.5979843225083986,0.9110414865432144,0.6715278179785473,0.5280465998854823,0.7082152974504249,uncalibrated,,,
consequence,lightgbm,5,21520,2391,353,0.5231388329979879,0.7365439093484419,0.611764705882353,0.9057948552571953,0.6584053657376744,0.5422386052086644,0.7195467422096318,uncalibrated,,,
consequence,lightgbm,6,21520,2391,353,0.533066132264529,0.7535410764872521,0.6244131455399061,0.9131703024961983,0.7134016402254643,0.5579874218731268,0.7450424929178471,uncalibrated,,,
consequence,lightgbm,7,21520,2391,353,0.492619926199262,0.7563739376770539,0.5966480446927375,0.9123001498441787,0.6930760370616471,0.5265249531681063,0.7337110481586402,uncalibrated,,,
consequence,lightgbm,8,21520,2391,353,0.48120300751879697,0.7252124645892352,0.5785310734463277,0.899828888512039,0.657728131610231,0.5030232724285522,0.6855524079320113,uncalibrated,,,
consequence,lightgbm,9,21520,2391,353,0.5155038759689923,0.7535410764872521,0.6121979286536249,0.9108969244412815,0.7104041755218096,0.544007723545886,0.7365439093484419,uncalibrated,,,
consequence,lightgbm,10,21520,2391,353,0.5111111111111111,0.71671388101983,0.5966981132075472,0.9008936439935836,0.6807444321330709,0.5235366421182195,0.7082152974504249,uncalibrated,,,
consequence,lightgbm,1,21519,2392,354,0.7758620689655172,0.3813559322033898,0.5113636363636364,0.9112026856949595,0.6749426254663756,0.49524509314861254,0.731638418079096,platt,0.08404297478900338,0.29069026934981945,0.07701405768202203
consequence,lightgbm,2,21520,2391,354,0.7333333333333333,0.4350282485875706,0.5460992907801419,0.8972698579111299,0.674874389964825,0.5113597472520514,0.7372881355932204,platt,0.08742052217803241,0.30265926613646915,0.09153213065559557
consequence,lightgbm,3,21520,2391,354,0.7658227848101266,0.3418079096045198,0.47265625,0.9099872694141435,0.6794276155051066,0.4626917161010779,0.748587570621469,platt,0.08399225598276142,0.29104991014625364,0.07947619124324119
consequence,lightgbm,4,21520,2391,353,0.7697368421052632,0.3314447592067989,0.4633663366336634,0.9065211408173875,0.6446089100874898,0.45692507463372206,0.7308781869688386,platt,0.08691614110915803,0.2980641894355327,0.0752037853851906
consequence,lightgbm,5,21520,2391,353,0.7315436241610739,0.3087818696883853,0.4342629482071713,0.8978175292668755,0.6251358990905107,0.4243350312077482,0.71671388101983,platt,0.08751228414449222,0.2987037579623388,0.07271269124979139
consequence,lightgbm,6,21520,2391,353,0.8156424581005587,0.41359773371104813,0.5488721804511278,0.9123953662286248,0.7053507116672201,0.5356783780166707,0.7450424929178471,platt,0.08319524146393724,0.2895109130741421,0.08970142968380455
consequence,lightgbm,7,21520,2391,353,0.7624309392265194,0.3909348441926346,0.5168539325842697,0.905702418913171,0.6587766446440981,0.49597853498579664,0.7365439093484419,platt,0.08569551155803862,0.2970769167661581,0.08139329565885092
consequence,lightgbm,8,21520,2391,353,0.7987012987012987,0.34844192634560905,0.48520710059171596,0.8839930832594306,0.631817520934013,0.4815500163981093,0.6912181303116147,platt,0.09014271294358343,0.3093986909343139,0.07814800843895611
consequence,lightgbm,9,21520,2391,353,0.806060606060606,0.37677053824362605,0.5135135135135135,0.9034888117273225,0.6776199539578305,0.5053298316654978,0.7082152974504249,platt,0.0850026556538119,0.2939147918560294,0.08180208200972333
consequence,lightgbm,10,21520,2391,353,0.8435374149659864,0.35127478753541075,0.496,0.8895538591131114,0.6570754863208974,0.502093371091831,0.6770538243626062,platt,0.08862655622829216,0.30440347736587503,0.07735403214155645
consequence,lightgbm,1,21519,2392,354,0.8053691275167785,0.3389830508474576,0.47713717693836977,0.9062432427936995,0.6781546225385234,0.47714422861993083,0.7372881355932204,isotonic,0.08507891050803414,0.293451312333768,0.08101436627995418
consequence,lightgbm,2,21520,2391,354,0.8,0.4067796610169492,0.5393258426966292,0.8972532166224286,0.6870485566937824,0.5237633827934205,0.7288135593220338,isotonic,0.08714284898162594,0.30391731322222415,0.09537899808400871
consequence,lightgbm,3,21520,2391,354,0.8125,0.2937853107344633,0.4315352697095436,0.9101446682697776,0.682537177077216,0.4449426538332748,0.731638418079096,isotonic,0.08526408257141492,0.2945311846745167,0.08629711775657645
consequence,lightgbm,4,21520,2391,353,0.808,0.28611898016997167,0.4225941422594142,0.90545221527521,0.6515460973633254,0.437217903669366,0.7280453257790368,isotonic,0.08768260095829085,0.3005722701680745,0.0856959538549692
consequence,lightgbm,5,21520,2391,353,0.7894736842105263,0.254957507082153,0.3854389721627409,0.896972396978652,0.6411870272556519,0.40484203431281535,0.7110481586402266,isotonic,0.08880860511756525,0.30354559401323267,0.08397495614712142
consequence,lightgbm,6,21520,2391,353,0.86,0.3654390934844193,0.5129224652087475,0.9115078383239692,0.7079287024347711,0.5195366696809898,0.7252124645892352,isotonic,0.08378015863219195,0.29174774010841326,0.08973252513567156
consequence,lightgbm,7,21520,2391,353,0.7762237762237763,0.31444759206798867,0.4475806451612903,0.9024657568521046,0.6638964835997934,0.44691533681453777,0.7252124645892352,isotonic,0.08760617052392454,0.3015886759388135,0.09293773929737367
consequence,lightgbm,8,21520,2391,353,0.8203125,0.29745042492917845,0.4365904365904366,0.8798584681421268,0.6327747094554422,0.4509812330946847,0.6883852691218131,isotonic,0.09149382341521026,0.3128246670215981,0.0872916498356566
consequence,lightgbm,9,21520,2391,353,0.8529411764705882,0.3286118980169972,0.47443762781186094,0.900396711768189,0.6767150047217784,0.48827308731123154,0.6968838526912181,isotonic,0.08583223129227863,0.29582683728772907,0.08583448343800239
consequence,lightgbm,10,21520,2391,353,0.8888888888888888,0.31728045325779036,0.46764091858037576,0.8866459368319215,0.6525923424447901,0.4928413430997905,0.6770538243626062,isotonic,0.0894183617811509,0.30565857127236173,0.08234948866340998
severity,logistic_regression,1,21519,2392,231,0.5228426395939086,0.8917748917748918,0.6592,0.9654380788115171,0.7788002718815435,0.640860769491873,0.9307359307359307,uncalibrated,,,
severity,logistic_regression,2,21520,2391,230,0.5210526315789473,0.8608695652173913,0.6491803278688525,0.9595879524374786,0.7232666927665959,0.6263519318006874,0.9260869565217391,uncalibrated,,,
severity,logistic_regression,3,21520,2391,230,0.5417789757412399,0.8739130434782608,0.6688851913477537,0.9583787698931655,0.7417655458063355,0.6476345718401944,0.908695652173913,uncalibrated,,,
severity,logistic_regression,4,21520,2391,230,0.5052356020942408,0.8391304347826087,0.630718954248366,0.9584169969619539,0.7661770511148732,0.6049192480588794,0.9173913043478261,uncalibrated,,,
severity,logistic_regression,5,21520,2391,230,0.4824120603015075,0.8347826086956521,0.6114649681528662,0.9544534535138725,0.7445712166433308,0.585340630533806,0.8782608695652174,uncalibrated,,,
severity,logistic_regression,6,21520,2391,230,0.536,0.8739130434782608,0.6644628099173554,0.9682494014445807,0.7619838665988772,0.6433091583857575,0.9521739130434783,uncalibrated,,,
severity,logistic_regression,7,21520,2391,231,0.5427807486631016,0.8787878787878788,0.6710743801652893,0.9662578162578164,0.7714878141457021,0.6503219634279135,0.9437229437229437,uncalibrated,,,
severity,logistic_regression,8,21520,2391,231,0.538659793814433,0.9047619047619048,0.6752827140549273,0.9686167227833896,0.7768662549008138,0.6585534590857708,0.948051948051948,uncalibrated,,,
severity,logistic_regression,9,21520,2391,231,0.5172413793103449,0.8441558441558441,0.6414473684210527,0.9538560205226871,0.7533823387300198,0.6160088478073097,0.9090909090909091,uncalibrated,,,
severity,logistic_regression,10,21520,2391,231,0.4963680387409201,0.8874458874458875,0.6366459627329193,0.9644881353214687,0.7571281673915302,0.6183057767102773,0.9264069264069265,uncalibrated,,,
severity,logistic_regression,1,21519,2392,231,0.8029197080291971,0.47619047619047616,0.5978260869565217,0.9645566526640103,0.775652063962143,0.5894315934639864,0.9307359307359307,platt,0.043981370237176166,0.15123477388777262,0.03214505203947919
severity,logistic_regression,2,21520,2391,230,0.7459016393442623,0.39565217391304347,0.5170454545454546,0.9591594068768484,0.7223001326149584,0.5109387892459235,0.9260869565217391,platt,0.04872096505607658,0.16683980533683898,0.037722354500493174
severity,logistic_regression,3,21520,2391,230,0.7985074626865671,0.4652173913043478,0.5879120879120879,0.9564996076695572,0.7371471706623612,0.5803711959043227,0.9130434782608695,platt,0.0458954185552444,0.1633809976646089,0.034269412886018355
severity,logistic_regression,4,21520,2391,230,0.8409090909090909,0.4826086956521739,0.6132596685082873,0.9565438705913124,0.7642165950947396,0.6105303298944545,0.9043478260869565,platt,0.04373716928688193,0.15979605266769017,0.025589008270368866
severity,logistic_regression,5,21520,2391,230,0.7718120805369127,0.5,0.6068601583113457,0.9518781562481138,0.7418424104426654,0.5906970866596473,0.8869565217391304,platt,0.04557000256779142,0.16069606442597054,0.023145648652908895
severity,logistic_regression,6,21520,2391,230,0.7777777777777778,0.45652173913043476,0.5753424657534246,0.9672937247248656,0.7610260929378821,0.5654638134170215,0.9478260869565217,platt,0.04440537138531057,0.15347312210734762,0.03191556707835234
severity,logistic_regression,7,21520,2391,231,0.8372093023255814,0.4675324675324675,0.6,0.9668189834856502,0.7721338069587924,0.5986558318564261,0.9437229437229437,platt,0.04394544747510102,0.1536604675025379,0.033187792409508116
severity,logistic_regression,8,21520,2391,231,0.8188405797101449,0.48917748917748916,0.6124661246612466,0.9687229437229437,0.7814778502076554,0.6050345146486513,0.948051948051948,platt,0.041937363780205225,0.14909143235336217,0.031752947980009036
severity,logistic_regression,9,21520,2391,231,0.8307692307692308,0.4675324675324675,0.5983379501385041,0.9499258457591792,0.7530107214906754,0.595877532843684,0.9134199134199135,platt,0.04415074883098885,0.15885206086530634,0.026660769458428497
severity,logistic_regression,10,21520,2391,231,0.7417218543046358,0.48484848484848486,0.5863874345549738,0.963145342312009,0.7550074066698085,0.5669498590905173,0.9307359307359307,platt,0.04527759476847622,0.15543128588693658,0.03306647687056405
severity,logistic_regression,1,21519,2392,231,0.7441860465116279,0.5541125541125541,0.6352357320099256,0.9650103868058519,0.7749508881291793,0.6102838268082436,0.9307359307359307,isotonic,0.041605570260064194,0.13743090115014855,0.017480432332870093
severity,logistic_regression,2,21520,2391,230,0.7516778523489933,0.48695652173913045,0.5910290237467019,0.9588898054443394,0.7244379496137301,0.5730936042333,0.9260869565217391,isotonic,0.04532609491343857,0.1487693673457091,0.017531730071213177
severity,logistic_regression,3,21520,2391,230,0.7468354430379747,0.5130434782608696,0.6082474226804123,0.9577097961893647,0.7343323478490118,0.5869676122234062,0.9130434782608695,isotonic,0.04370216947138335,0.14738361434717734,0.014231765840937367
severity,logistic_regression,4,21520,2391,230,0.8026315789473685,0.5304347826086957,0.6387434554973822,0.9586272458402915,0.7655409828309742,0.62424745117707,0.908695652173913,isotonic,0.0423533149150897,0.14347997875427354,0.013924801754452916
severity,logistic_regression,5,21520,2391,230,0.7283236994219653,0.5478260869565217,0.6253101736972705,0.9528298090658511,0.7387709965830894,0.598737843349191,0.8826086956521739,isotonic,0.04457411094842762,0.15078933071887127,0.008537093472771594
severity,logistic_regression,6,21520,2391,230,0.7701863354037267,0.5391304347826087,0.6342710997442456,0.9672283363177272,0.7595996085017603,0.6141913554702926,0.9478260869565217,isotonic,0.041645151776590776,0.13778927417397382,0.019234181095473736
severity,logistic_regression,7,21520,2391,231,0.7741935483870968,0.5194805194805194,0.6217616580310881,0.966753848003848,0.77306696018032,0.6038624730017838,0.9437229437229437,isotonic,0.041335944025754516,0.1374420788268437,0.021521697094592892
severity,logistic_regression,8,21520,2391,231,0.7687861271676301,0.5757575757575758,0.6584158415841584,0.9697170113836782,0.7800729535346563,0.635434209304643,0.9523809523809523,isotonic,0.039628661465087596,0.13765171546351737,0.020770613106629237
severity,logistic_regression,9,21520,2391,231,0.7891566265060241,0.5670995670995671,0.6599496221662469,0.9509710197210198,0.7485491026139206,0.640299739549063,0.9047619047619048,isotonic,0.04258837753076995,0.14764860560429416,0.01442454581957025
severity,logistic_regression,10,21520,2391,231,0.7314285714285714,0.5541125541125541,0.6305418719211823,0.9639790764790764,0.7529000198134906,0.6038497759633064,0.935064935064935,isotonic,0.04295779812828178,0.14126447395085417,0.016702282663228867
severity,random_forest,1,21519,2392,231,0.8152866242038217,0.5541125541125541,0.6597938144329897,0.9750916983679594,0.8218881688128836,0.6449044932836614,0.9653679653679653,uncalibrated,,,
severity,random_forest,2,21520,2391,230,0.8227848101265823,0.5652173913043478,0.6701030927835051,0.9742892783131802,0.8007156578520949,0.65548434030872,0.9695652173913043,uncalibrated,,,
severity,random_forest,3,21520,2391,230,0.7885714285714286,0.6,0.6814814814814815,0.9731052451562279,0.7997316438697383,0.6598804838334933,0.9652173913043478,uncalibrated,,,
severity,random_forest,4,21520,2391,230,0.7965116279069767,0.5956521739130435,0.681592039800995,0.9742510512443917,0.8067734201975528,0.6612548453931382,0.9695652173913043,uncalibrated,,,
severity,random_forest,5,21520,2391,230,0.7647058823529411,0.5652173913043478,0.65,0.9629982093636199,0.7554306633481078,0.627259933063601,0.9173913043478261,uncalibrated,,,
severity,random_forest,6,21520,2391,230,0.8136645962732919,0.5695652173913044,0.670076726342711,0.9789067058326459,0.8133716163702934,0.6538119460817546,0.991304347826087,uncalibrated,,,
severity,random_forest,7,21520,2391,231,0.8431372549019608,0.5584415584415584,0.671875,0.9755060525893859,0.813967306235629,0.6607036668417222,0.9783549783549783,uncalibrated,,,
severity,random_forest,8,21520,2391,231,0.7955801104972375,0.6233766233766234,0.6990291262135923,0.9790083373416707,0.831240992892579,0.6770909971291257,0.974025974025974,uncalibrated,,,
severity,random_forest,9,21520,2391,231,0.8364779874213837,0.5757575757575758,0.6820512820512821,0.9746011704345038,0.8171481502886727,0.6684225094131323,0.9696969696969697,uncalibrated,,,
severity,random_forest,10,21520,2391,231,0.7873563218390804,0.5930735930735931,0.6765432098765433,0.9752986211319545,0.8063110649053065,0.6550216060717844,0.9826839826839827,uncalibrated,,,
severity,random_forest,1,21519,2392,231,0.7784431137724551,0.5627705627705628,0.6532663316582915,0.9730503955399836,0.8132859181406026,0.6324459010748025,0.961038961038961,platt,0.038895286708616715,0.13423611462896984,0.02932215452266524
severity,random_forest,2,21520,2391,230,0.8083832335329342,0.5869565217391305,0.6801007556675063,0.972490594129127,0.7865344324815722,0.6618727262681354,0.9652173913043478,platt,0.039678526319606854,0.1368867750805804,0.02729710932137083
severity,random_forest,3,21520,2391,230,0.7486631016042781,0.6086956521739131,0.6714628297362111,0.9725046777860492,0.7944973895544152,0.6445597648588484,0.9608695652173913,platt,0.03942362202339584,0.13638427686123383,0.022175174561458594
severity,random_forest,4,21520,2391,230,0.7696335078534031,0.6391304347826087,0.6983372921615202,0.9737500754481622,0.8026008665839577,0.6729645223963838,0.9565217391304348,platt,0.03776304617800354,0.1311147596162309,0.016845868734079388
severity,random_forest,5,21520,2391,230,0.7447916666666666,0.6217391304347826,0.6777251184834123,0.9642959177514436,0.7512173092448275,0.6499824273703334,0.9217391304347826,platt,0.04338534687825039,0.1488899862322258,0.018830062586804475
severity,random_forest,6,21520,2391,230,0.8033707865168539,0.6217391304347826,0.7009803921568627,0.9775908898859225,0.8091509030393073,0.6801982772143362,0.9782608695652174,platt,0.0366303818672287,0.12726174640730195,0.02811763386850997
severity,random_forest,7,21520,2391,231,0.8242424242424242,0.5887445887445888,0.6868686868686869,0.9764890973224306,0.8153928214180794,0.6705586602552637,0.9783549783549783,platt,0.038241411302621306,0.13194573060381892,0.026396091562777835
severity,random_forest,8,21520,2391,231,0.7908163265306123,0.670995670995671,0.7259953161592506,0.9797999839666506,0.8303659688961434,0.7021737903434206,0.9783549783549783,platt,0.03424404536155449,0.12037175331267881,0.023696671182540128
severity,random_forest,9,21520,2391,231,0.7954545454545454,0.6060606060606061,0.687960687960688,0.9740079365079366,0.8097190895022528,0.6667996022837789,0.9523809523809523,platt,0.03826336875827683,0.1332128418977606,0.024572429694310928
severity,random_forest,10,21520,2391,231,0.7487179487179487,0.6320346320346321,0.6854460093896714,0.9736652236652236,0.7936338162637558,0.657757506667746,0.9783549783549783,platt,0.03913764113142275,0.13425595783469021,0.023071048604999127
severity,random_forest,1,21519,2392,231,0.7777777777777778,0.5757575757575758,0.6616915422885572,0.9736203176739966,0.809245194277199,0.6399263015195166,0.961038961038961,isotonic,0.038427371384841064,0.12197812973123384,0.018458827341691696
severity,random_forest,2,21520,2391,230,0.8023255813953488,0.6,0.6865671641791045,0.9732128845341328,0.7902202805575524,0.666744504794941,0.9695652173913043,isotonic,0.03902719905390406,0.12318307439608527,0.015281878648724857
severity,random_forest,3,21520,2391,230,0.7277486910994765,0.6043478260869565,0.6603325415676959,0.971965474921031,0.789139317564175,0.6311092437417456,0.9521739130434783,isotonic,0.03946619807409587,0.12499022856831161,0.015355910669066407
severity,random_forest,4,21520,2391,230,0.7795698924731183,0.6304347826086957,0.6971153846153846,0.9742098062491198,0.8049795840953131,0.6731317336986719,0.9695652173913043,isotonic,0.03777176280581772,0.1205041434257201,0.013128989557167703
severity,random_forest,5,21520,2391,230,0.7419354838709677,0.6,0.6634615384615384,0.9646138060076856,0.7529884105541826,0.6360614810723958,0.9391304347826087,isotonic,0.04261848254155606,0.13515873329477865,0.010575103349390533
severity,random_forest,6,21520,2391,230,0.8043478260869565,0.6434782608695652,0.714975845410628,0.9782306903003843,0.8110732406895301,0.6934634694736146,0.9782608695652174,isotonic,0.03645161244037525,0.1160990169825357,0.02038440487164519
severity,random_forest,7,21520,2391,231,0.8192771084337349,0.5887445887445888,0.6851385390428212,0.976374859708193,0.814427191174746,0.668147973787568,0.9826839826839827,isotonic,0.03736432569155066,0.11803434561044228,0.015661823133630192
severity,random_forest,8,21520,2391,231,0.7925531914893617,0.645021645021645,0.711217183770883,0.9793781064614397,0.8315849532696828,0.6881620900363635,0.974025974025974,isotonic,0.03513413149821888,0.1130651089306255,0.022220582153911976
severity,random_forest,9,21520,2391,231,0.8,0.6060606060606061,0.6896551724137931,0.974450857784191,0.8111388672232068,0.6690762728101125,0.9523809523809523,isotonic,0.03774044337377006,0.12068981867870057,0.01674288797931887
severity,random_forest,10,21520,2391,231,0.75,0.6363636363636364,0.6885245901639344,0.9737193362193363,0.7974008267699855,0.6608888748834126,0.9783549783549783,isotonic,0.03884294499175643,0.12286042292636305,0.014862650043608734
severity,xgboost,1,21519,2392,231,0.7807486631016043,0.6320346320346321,0.6985645933014354,0.9761313805737684,0.8285598619324617,0.6745476354999151,0.974025974025974,uncalibrated,,,
severity,xgboost,2,21520,2391,230,0.797752808988764,0.6173913043478261,0.696078431372549,0.9744723658531678,0.8017747698225595,0.6747946227974302,0.9652173913043478,uncalibrated,,,
severity,xgboost,3,21520,2391,230,0.7883597883597884,0.6478260869565218,0.711217183770883,0.9759149347121904,0.8365100631837905,0.687734182678661,0.9521739130434783,uncalibrated,,,
severity,xgboost,4,21520,2391,230,0.7914438502673797,0.6434782608695652,0.709832134292566,0.9755125445144156,0.8175393316468974,0.6868219222722788,0.9695652173913043,uncalibrated,,,
severity,xgboost,5,21520,2391,230,0.7121951219512195,0.6347826086956522,0.671264367816092,0.9681347202382149,0.7724899057246741,0.6397666341376063,0.9347826086956522,uncalibrated,,,
severity,xgboost,6,21520,2391,230,0.7958115183246073,0.6608695652173913,0.7220902612826603,0.9798885379152164,0.8294719274324166,0.6991240715555328,0.9869565217391304,uncalibrated,,,
severity,xgboost,7,21520,2391,231,0.824468085106383,0.670995670995671,0.7398568019093079,0.9773027898027897,0.821639034273592,0.7197202583242304,0.9826839826839827,uncalibrated,,,
severity,xgboost,8,21520,2391,231,0.8059701492537313,0.7012987012987013,0.75,0.9787778579445247,0.8356442514851469,0.727424732403779,0.9783549783549783,uncalibrated,,,
severity,xgboost,9,21520,2391,231,0.782608695652174,0.6233766233766234,0.6939759036144578,0.9753507295173962,0.8211910338261503,0.6704652784151703,0.9567099567099567,uncalibrated,,,
severity,xgboost,10,21520,2391,231,0.77,0.6666666666666666,0.7146171693735499,0.979673721340388,0.8371459616872556,0.6886613371931758,0.9826839826839827,uncalibrated,,,
severity,xgboost,1,21519,2392,231,0.8375,0.5800865800865801,0.6854219948849105,0.9741361522944124,0.823261415065011,0.6716093911772842,0.9567099567099567,platt,0.039347934162764976,0.14460344215419954,0.027334760891196193
severity,xgboost,2,21520,2391,230,0.8723404255319149,0.5347826086956522,0.6630727762803235,0.973671609359596,0.8038453583631433,0.6589465666476813,0.9565217391304348,platt,0.04076433963767229,0.1480595589330559,0.02906854451849242
severity,xgboost,3,21520,2391,230,0.8385093167701864,0.5869565217391305,0.690537084398977,0.9757197754662696,0.8357482999606486,0.6764522835740187,0.9565217391304348,platt,0.0370976463675322,0.1389089806939888,0.032455304380935524
severity,xgboost,4,21520,2391,230,0.8860759493670886,0.6086956521739131,0.7216494845360825,0.9751845965032291,0.8205160442287411,0.7125816137131482,0.9739130434782609,platt,0.037933448289672704,0.13959798181900146,0.02845904606837212
severity,xgboost,5,21520,2391,230,0.7777777777777778,0.5782608695652174,0.6633416458852868,0.967830915638895,0.7757999787343447,0.6415478428910456,0.9260869565217391,platt,0.042628165585942075,0.15381253648234258,0.021348514167454632
severity,xgboost,6,21520,2391,230,0.8471337579617835,0.5782608695652174,0.6873385012919897,0.9794780999134861,0.8292593845035306,0.6751520326533206,0.9739130434782609,platt,0.03646751277883432,0.13369238332248495,0.03282709143568672
severity,xgboost,7,21520,2391,231,0.8300653594771242,0.5497835497835498,0.6614583333333334,0.9772065897065897,0.8201209929280244,0.649134530220032,0.9783549783549783,platt,0.03915281741235661,0.1431598376302941,0.027207502317101333
severity,xgboost,8,21520,2391,231,0.8698224852071006,0.6363636363636364,0.735,0.9806176847843514,0.8506985700274441,0.7217978830263798,0.9653679653679653,platt,0.03481683839848545,0.13004884656238025,0.032956982481665585
severity,xgboost,9,21520,2391,231,0.8590604026845637,0.5541125541125541,0.6736842105263158,0.9742965367965368,0.8168061596031145,0.6653226841100937,0.9696969696969697,platt,0.03943343956497707,0.14415316343195783,0.023153994433949596
severity,xgboost,10,21520,2391,231,0.8242424242424242,0.5887445887445888,0.6868686868686869,0.9783810325476993,0.8351626468049045,0.6705586602552637,0.974025974025974,platt,0.037328452323607715,0.13667396265866236,0.0328958329338916
severity,xgboost,1,21519,2392,231,0.85,0.5887445887445888,0.6956521739130435,0.9757477598754786,0.8297296834428419,0.6829399338597877,0.974025974025974,isotonic,0.0370206903995986,0.1190290430996149,0.020816055473086598
severity,xgboost,2,21520,2391,230,0.8601398601398601,0.5347826086956522,0.6595174262734584,0.9752399251554232,0.8072233531158195,0.6534625256832719,0.9695652173913043,isotonic,0.03829475021590546,0.12174458950757691,0.0207305073706922
severity,xgboost,3,21520,2391,230,0.8481012658227848,0.5826086956521739,0.6907216494845361,0.9760034605557008,0.833355262460898,0.6783232496704913,0.9521739130434783,isotonic,0.03679756572071644,0.11894425292855791,0.02345515580229314
severity,xgboost,4,21520,2391,230,0.8805031446540881,0.6086956521739131,0.7197943444730077,0.9764149045329257,0.82734658874569,0.7099487299120688,0.9652173913043478,isotonic,0.036706358685024684,0.1187906046284901,0.02743526898781776
severity,xgboost,5,21520,2391,230,0.7692307692307693,0.5652173913043478,0.6516290726817042,0.9683580467979799,0.7783926793872867,0.6295037932914106,0.9304347826086956,isotonic,0.04121952825174556,0.1310838775043315,0.016521874151887113
severity,xgboost,6,21520,2391,230,0.8376623376623377,0.5608695652173913,0.671875,0.9801118644749813,0.8314730210000856,0.6597937809759817,0.9695652173913043,isotonic,0.03555120681115815,0.113817949528447,0.024780515183600006
severity,xgboost,7,21520,2391,231,0.8333333333333334,0.5627705627705628,0.6718346253229974,0.9778138528138529,0.820368978986038,0.6588299253262684,0.9913419913419913,isotonic,0.036717783552768994,0.11728398646064826,0.019599332836729648
severity,xgboost,8,21520,2391,231,0.8682634730538922,0.6277056277056277,0.7286432160804021,0.9806146785313452,0.8504984547303125,0.7157454199150804,0.974025974025974,isotonic,0.0345007103377757,0.11208361952417023,0.027531962694786413
severity,xgboost,9,21520,2391,231,0.8523489932885906,0.5497835497835498,0.6684210526315789,0.9758126903960236,0.8241945357907237,0.6594662161419929,0.9696969696969697,isotonic,0.037291407499031336,0.11978161483353429,0.01858697954590678
severity,xgboost,10,21520,2391,231,0.8170731707317073,0.5800865800865801,0.6784810126582278,0.9800605258938593,0.8413471152370879,0.6617880595984632,0.9913419913419913,isotonic,0.03614597900492288,0.11740121450044318,0.025853495200735915
severity,lightgbm,1,21519,2392,231,0.6273885350318471,0.8528138528138528,0.7229357798165138,0.9760011698928867,0.8308806027258296,0.6985771462695607,0.961038961038961,uncalibrated,,,
severity,lightgbm,2,21520,2391,230,0.60828025477707,0.8304347826086956,0.7022058823529411,0.9733134820835765,0.8069954085093527,0.6752707177012082,0.9478260869565217,uncalibrated,,,
severity,lightgbm,3,21520,2391,230,0.6273885350318471,0.8565217391304348,0.7242647058823529,0.9755165684163934,0.8338723542395552,0.7004681596163609,0.9434782608695652,uncalibrated,,,
severity,lightgbm,4,21520,2391,230,0.6144200626959248,0.8521739130434782,0.7140255009107468,0.9774581011206567,0.8242215655527606,0.6896169704347476,0.9826086956521739,uncalibrated,,,
severity,lightgbm,5,21520,2391,230,0.5688073394495413,0.808695652173913,0.6678635547576302,0.9671549001066334,0.7743853705977911,0.6379890484188571,0.9434782608695652,uncalibrated,,,
severity,lightgbm,6,21520,2391,230,0.6253869969040248,0.8782608695652174,0.7305605786618445,0.9798080598756613,0.8257536945121741,0.7092973002210253,0.9869565217391304,uncalibrated,,,
severity,lightgbm,7,21520,2391,231,0.6552901023890785,0.8311688311688312,0.732824427480916,0.9766734808401475,0.8197809431351366,0.7067066825915069,0.974025974025974,uncalibrated,,,
severity,lightgbm,8,21520,2391,231,0.6335403726708074,0.8831168831168831,0.7377938517179023,0.9783790283790285,0.8363637125082352,0.7169857354663997,0.9653679653679653,uncalibrated,,,
severity,lightgbm,9,21520,2391,231,0.6254071661237784,0.8311688311688312,0.7137546468401487,0.9753146544813212,0.8247687510798256,0.6869961042390114,0.9523809523809523,uncalibrated,,,
severity,lightgbm,10,21520,2391,231,0.6123076923076923,0.8614718614718615,0.7158273381294964,0.9759359467692801,0.8193767110441941,0.6923353180508308,0.9696969696969697,uncalibrated,,,
severity,lightgbm,1,21519,2392,231,0.7956989247311828,0.6406926406926406,0.709832134292566,0.9764979737214814,0.8367337744339216,0.6872861720205568,0.961038961038961,platt,0.03750398140249557,0.13263420029625678,0.026589714885031694
severity,lightgbm,2,21520,2391,230,0.7942857142857143,0.6043478260869565,0.6864197530864198,0.9738969478703499,0.8042747419774275,0.6653265682938668,0.9608695652173913,platt,0.03922809552936885,0.13778467201499153,0.026106234336992672
severity,lightgbm,3,21520,2391,230,0.7772020725388601,0.6521739130434783,0.7092198581560284,0.9761583807818441,0.8347295807742083,0.6843926017163361,0.9391304347826087,platt,0.03706437376300427,0.1335841157989036,0.027434538628461312
severity,lightgbm,4,21520,2391,230,0.8181818181818182,0.6652173913043479,0.7338129496402878,0.976226787115466,0.8235663999402104,0.7132357706556728,0.9739130434782609,platt,0.03712608225908297,0.13064548257210074,0.026372702185865043
severity,lightgbm,5,21520,2391,230,0.7323232323232324,0.6304347826086957,0.677570093457944,0.9664446814075609,0.7672102394159244,0.6482564784146222,0.9260869565217391,platt,0.042671335779210784,0.14968738665662082,0.015174147065232613
severity,lightgbm,6,21520,2391,230,0.8324022346368715,0.6478260869565218,0.7286063569682152,0.9795545540510633,0.8318781157715952,0.7102690057451111,0.9826086956521739,platt,0.035451854304325486,0.12551837731537377,0.029829638649966864
severity,lightgbm,7,21520,2391,231,0.8218390804597702,0.6190476190476191,0.7061728395061728,0.9765592432259099,0.8186498864543339,0.6877210592587777,0.9653679653679653,platt,0.03842500603299079,0.13510005734595257,0.02900187609082626
severity,lightgbm,8,21520,2391,231,0.8157894736842105,0.670995670995671,0.7363420427553444,0.9796757255090588,0.8443445460403187,0.7152360347555476,0.974025974025974,platt,0.035200543544277346,0.1262194924535627,0.029649685111351777
severity,lightgbm,9,21520,2391,231,0.7955801104972375,0.6233766233766234,0.6990291262135923,0.9751282667949335,0.8210678270871468,0.6770909971291257,0.961038961038961,platt,0.038253441449538114,0.1354269873157294,0.026440482451898378
severity,lightgbm,10,21520,2391,231,0.7835051546391752,0.658008658008658,0.7152941176470589,0.9776194484527818,0.8341368811380232,0.6909101108432716,0.9567099567099567,platt,0.03663523213636771,0.1294739967432934,0.026434494480877892
severity,lightgbm,1,21519,2392,231,0.8385093167701864,0.5844155844155844,0.6887755102040817,0.9770548747874059,0.8386172475459133,0.6747738204476595,0.9696969696969697,isotonic,0.03656540302981879,0.11930356935833392,0.021798733545400736
severity,lightgbm,2,21520,2391,230,0.8671328671328671,0.5391304347826087,0.6648793565683646,0.9739472466450718,0.8062741962024411,0.6594441908973342,0.9565217391304348,isotonic,0.038542793004138695,0.12368311136063075,0.021548959193469434
severity,lightgbm,3,21520,2391,230,0.8385093167701864,0.5869565217391305,0.690537084398977,0.9763947850230368,0.8346910634748389,0.6764522835740187,0.9565217391304348,isotonic,0.036962444881320125,0.12092009589793928,0.026684847719298233
severity,lightgbm,4,21520,2391,230,0.8650306748466258,0.6130434782608696,0.7175572519083969,0.9775003520914232,0.8274913767110381,0.7052750832634646,0.9826086956521739,isotonic,0.03629726542441512,0.1185321292409782,0.023635548859606552
severity,lightgbm,5,21520,2391,230,0.7590361445783133,0.5478260869565217,0.6363636363636364,0.9672645514355271,0.775608447328473,0.6140268818446286,0.9347826086956522,isotonic,0.04141045818171953,0.13278529935786218,0.01986351446040581
severity,lightgbm,6,21520,2391,230,0.863013698630137,0.5478260869565217,0.6702127659574468,0.9798583586503833,0.8309826620219892,0.663207999763471,0.9826086956521739,isotonic,0.0359490524277456,0.11589137847410053,0.02733071532220533
severity,lightgbm,7,21520,2391,231,0.8445945945945946,0.5411255411255411,0.6596306068601583,0.9768688872855539,0.8207688839405446,0.6503606427636409,0.9696969696969697,isotonic,0.03728101409971443,0.11943388452152504,0.02295178666778903
severity,lightgbm,8,21520,2391,231,0.8545454545454545,0.6103896103896104,0.7121212121212122,0.9793951418951419,0.8438090883304726,0.6984848807566612,0.9696969696969697,isotonic,0.03507926351048864,0.11518281501510994,0.023952025416992272
severity,lightgbm,9,21520,2391,231,0.869281045751634,0.5757575757575758,0.6927083333333334,0.9769881353214687,0.8320751780834186,0.6838419400851027,0.974025974025974,isotonic,0.03676842906635409,0.11947717562625078,0.020131592330398965
severity,lightgbm,10,21520,2391,231,0.8301886792452831,0.5714285714285714,0.676923076923077,0.9782297178130511,0.8348861494592441,0.6627405117169116,0.974025974025974,isotonic,0.03666723449746142,0.11970595508092276,0.026063703731729993
szz,logistic_regression,1,21519,2392,30,0.056338028169014086,0.8,0.10526315789473684,0.9257408975444539,0.2793584365282428,0.1831935986929586,0.8,uncalibrated,,,
szz,logistic_regression,2,21520,2391,29,0.05755395683453238,0.8275862068965517,0.10762331838565023,0.917472042979357,0.19263327738371705,0.1907354254991374,0.8275862068965517,uncalibrated,,,
szz,logistic_regression,3,21520,2391,29,0.0625,0.9310344827586207,0.11713665943600868,0.9545388186516394,0.2889749450833518,0.21609635516318382,0.9655172413793104,uncalibrated,,,
szz,logistic_regression,4,21520,2391,29,0.057692307692307696,0.8275862068965517,0.10786516853932585,0.9288738357324302,0.1567628052600497,0.19103842999191573,0.8620689655172413,uncalibrated,,,
szz,logistic_regression,5,21520,2391,30,0.05263157894736842,0.7,0.0979020979020979,0.9159536919384441,0.22940461065504647,0.16117196644837567,0.7333333333333333,uncalibrated,,,
szz,logistic_regression,6,21520,2391,30,0.06088992974238876,0.8666666666666667,0.1137855579868709,0.9078074262318228,0.21003154617310743,0.20251008475285298,0.8666666666666667,uncalibrated,,,
szz,logistic_regression,7,21520,2391,30,0.050239234449760764,0.7,0.09375,0.8848369335027532,0.1893160330460444,0.1558643685951208,0.7666666666666667,uncalibrated,,,
szz,logistic_regression,8,21520,2391,30,0.06084656084656084,0.7666666666666667,0.11274509803921569,0.9144289143018495,0.20191776364114256,0.18803456388939024,0.8666666666666667,uncalibrated,,,
szz,logistic_regression,9,21520,2391,30,0.06178489702517163,0.9,0.11563169164882227,0.9522942256106169,0.2259201807856699,0.20919362035345582,0.9,uncalibrated,,,
szz,logistic_regression,10,21520,2391,30,0.05785123966942149,0.9333333333333333,0.10894941634241245,0.9321191585486376,0.15955928332627115,0.20504852166683152,0.9333333333333333,uncalibrated,,,
szz,logistic_regression,1,21519,2392,30,0.0,0.0,0.0,0.919827829523003,0.2743611026339814,0.0,0.8,platt,0.011260517133667734,0.050620526000008534,0.00504444454417534
szz,logistic_regression,2,21520,2391,29,0.0,0.0,0.0,0.9059534584951385,0.1850526959313668,0.0,0.7241379310344828,platt,0.010986450461468051,0.05189440838122457,0.006415111533138351
szz,logistic_regression,3,21520,2391,29,0.0,0.0,0.0,0.9442319483780549,0.29149086390686024,0.0,0.896551724137931,platt,0.010806635958695314,0.04844266010382917,0.005950783584215656
szz,logistic_regression,4,21520,2391,29,0.0,0.0,0.0,0.9259102455546148,0.1554541564942704,0.0,0.8275862068965517,platt,0.011193665077818438,0.05152367886125035,0.004884057616054972
szz,logistic_regression,5,21520,2391,30,0.0,0.0,0.0,0.9069038542990258,0.21623671470342956,0.0,0.7666666666666667,platt,0.011414906206946848,0.05304858208114229,0.0037858925464017866
szz,logistic_regression,6,21520,2391,30,0.0,0.0,0.0,0.8943950303543696,0.14301972074570457,0.0,0.8,platt,0.011536123353076737,0.0533197398980585,0.005288506531910812
szz,logistic_regression,7,21520,2391,30,0.0,0.0,0.0,0.8670055061414655,0.19962540768693096,0.0,0.7,platt,0.011610263846467522,0.05537747691540259,0.0031978956301455517
szz,logistic_regression,8,21520,2391,30,0.0,0.0,0.0,0.8984328674290555,0.16625536983509737,0.0,0.8,platt,0.01178143760758497,0.056442158479029905,0.0009823257282713881
szz,logistic_regression,9,21520,2391,30,0.0,0.0,0.0,0.949696456303826,0.18407580584504038,-0.002305757783473437,0.9333333333333333,platt,0.011593485395580543,0.05154342977267582,0.005010195059725252
szz,logistic_regression,10,21520,2391,30,0.0,0.0,0.0,0.9396865734858112,0.15561169274156408,0.0,1.0,platt,0.011602994033695491,0.05283573052789305,0.0032201800983305746
szz,logistic_regression,1,21519,2392,30,0.0,0.0,0.0,0.9322396274343777,0.2805153103308726,0.0,0.9,isotonic,0.011206731176712736,0.04990896839527382,0.012073497293758501
szz,logistic_regression,2,21520,2391,29,0.0,0.0,0.0,0.9042526789103332,0.1644443276031422,0.0,0.7931034482758621,isotonic,0.011167121236380693,0.05347793311145574,0.01235247490309756
szz,logistic_regression,3,21520,2391,29,0.0,0.0,0.0,0.9427501532891471,0.27402301457131134,0.0,0.896551724137931,isotonic,0.010704001542306161,0.04783096278643345,0.010083562960383008
szz,logistic_regression,4,21520,2391,29,0.0,0.0,0.0,0.9254649770796227,0.15254004731077195,0.0,0.8275862068965517,isotonic,0.011097968343880946,0.05148683054482594,0.009209738663483121
szz,logistic_regression,5,21520,2391,30,0.0,0.0,0.0,0.8910631088521812,0.19135163745781855,0.0,0.7,isotonic,0.011594689480495874,0.056582343469496914,0.015419169432065434
szz,logistic_regression,6,21520,2391,30,0.0,0.0,0.0,0.8831074403501342,0.18869754019708615,0.0,0.8,isotonic,0.011728784854174286,0.05831365957025477,0.016086325123580665
szz,logistic_regression,7,21520,2391,30,0.0,0.0,0.0,0.8729351969504447,0.20492153928339502,0.0,0.8,isotonic,0.011465540318421678,0.05433548150259229,0.006255868753459027
szz,logistic_regression,8,21520,2391,30,0.0,0.0,0.0,0.8902230693209092,0.15393877577691917,0.0,0.8,isotonic,0.011683033935676383,0.05432211879828381,0.006946638274383373
szz,logistic_regression,9,21520,2391,30,0.0,0.0,0.0,0.9487081745023296,0.18884392553371032,0.0,0.9333333333333333,isotonic,0.011380683961273775,0.050464665053913706,0.009136433078944819
szz,logistic_regression,10,21520,2391,30,0.0,0.0,0.0,0.9385218127911901,0.13144469019881283,0.0,0.9666666666666667,isotonic,0.011610817304183832,0.05169999230688251,0.005458847689553634
szz,random_forest,1,21519,2392,30,0.625,0.16666666666666666,0.2631578947368421,0.9306731583403894,0.34271449779331736,0.31880778552733874,0.9333333333333333,uncalibrated,,,
szz,random_forest,2,21520,2391,29,0.5,0.034482758620689655,0.06451612903225806,0.8921136383544046,0.2011491503227263,0.1289593158600495,0.8620689655172413,uncalibrated,,,
szz,random_forest,3,21520,2391,29,0.5,0.034482758620689655,0.06451612903225806,0.9553782592192473,0.3129379200288015,0.1289593158600495,0.9655172413793104,uncalibrated,,,
szz,random_forest,4,21520,2391,29,0.0,0.0,0.0,0.9398960553592807,0.16302846469485685,-0.003927376330968943,0.9655172413793104,uncalibrated,,,
szz,random_forest,5,21520,2391,30,0.5,0.03333333333333333,0.0625,0.9112734716927855,0.35314279154204137,0.12670990926178072,0.9333333333333333,uncalibrated,,,
szz,random_forest,6,21520,2391,30,0.25,0.03333333333333333,0.058823529411764705,0.9364464210080475,0.20211100084666314,0.08732775753052688,0.9,uncalibrated,,,
szz,random_forest,7,21520,2391,30,0.6666666666666666,0.13333333333333333,0.2222222222222222,0.9072426937738245,0.3415469830497129,0.2947539008206712,0.9,uncalibrated,,,
szz,random_forest,8,21520,2391,30,1.0,0.03333333333333333,0.06451612903225806,0.9662219398559933,0.3832258140041662,0.1814631375593595,1.0,uncalibrated,,,
szz,random_forest,9,21520,2391,30,0.6666666666666666,0.06666666666666667,0.12121212121212122,0.9444585627558945,0.27384262789903496,0.20829152226346628,0.9666666666666667,uncalibrated,,,
szz,random_forest,10,21520,2391,30,0.3333333333333333,0.03333333333333333,0.06060606060606061,0.948016377241282,0.22754771171280286,0.10214808029161038,1.0,uncalibrated,,,
szz,random_forest,1,21519,2392,30,0.0,0.0,0.0,0.8957662997459779,0.3217098547970708,0.0,0.8666666666666667,platt,0.010698918464760112,0.051436137797648225,0.006751909597871824
szz,random_forest,2,21520,2391,29,0.0,0.0,0.0,0.8763832520657537,0.14995357441800086,0.0,0.7931034482758621,platt,0.011328046723728584,0.05548794429649246,0.004236770259969822
szz,random_forest,3,21520,2391,29,0.0,0.0,0.0,0.9671669245817396,0.2763575452334651,0.0,1.0,platt,0.01043001414239571,0.047793176938908694,0.007061292971755102
szz,random_forest,4,21520,2391,29,0.0,0.0,0.0,0.8461341936990862,0.141484742603337,0.0,0.7931034482758621,platt,0.01136820688183385,0.0557720141460007,0.004942791754729909
szz,random_forest,5,21520,2391,30,0.0,0.0,0.0,0.9067979669631512,0.3056528641884578,0.0,0.8666666666666667,platt,0.0111264892149182,0.05508506025669259,0.007056480259003576
szz,random_forest,6,21520,2391,30,0.0,0.0,0.0,0.930580262600593,0.16846515464012304,0.0,0.8666666666666667,platt,0.011578206058521072,0.05527612302260458,0.004672322021966786
szz,random_forest,7,21520,2391,30,1.0,0.06666666666666667,0.125,0.8737822956374417,0.36366870562654174,0.25668133484947603,0.8666666666666667,platt,0.010354188625504397,0.05010336374750035,0.006007378911176958
szz,random_forest,8,21520,2391,30,0.0,0.0,0.0,0.9453480163772413,0.26937705052329575,0.0,0.9,platt,0.01119041731861835,0.05250514303655933,0.002396854204185472
szz,random_forest,9,21520,2391,30,0.0,0.0,0.0,0.9547225751800085,0.27398305708595727,0.0,0.9666666666666667,platt,0.010871784735642882,0.05000312475822372,0.0076066424324562195
szz,random_forest,10,21520,2391,30,0.0,0.0,0.0,0.9108146265706621,0.18779805600681806,0.0,0.9,platt,0.011660601859511698,0.056060697282758344,0.006270439524935511
szz,random_forest,1,21519,2392,30,0.0,0.0,0.0,0.9301298334744568,0.2512083269986927,0.0,0.9333333333333333,isotonic,0.010880850531270848,0.046514387093101635,0.0036635894434447424
szz,random_forest,2,21520,2391,29,0.0,0.0,0.0,0.9142821688224474,0.1631288238732521,0.0,0.8275862068965517,isotonic,0.011096534130313236,0.049603942236331064,0.001719692463481589
szz,random_forest,3,21520,2391,29,0.0,0.0,0.0,0.9660209057198751,0.29992837800803335,0.0,1.0,isotonic,0.010325600733873177,0.04254906631874018,0.002401622049411167
szz,random_forest,4,21520,2391,29,0.0,0.0,0.0,0.9343046512306928,0.1491016802937448,0.0,0.896551724137931,isotonic,0.011147494361469088,0.04819222953115439,0.00151035310898296
szz,random_forest,5,21520,2391,30,0.0,0.0,0.0,0.9339898348157561,0.2908855988111894,0.0,0.9,isotonic,0.010900200186405426,0.04850520724240705,0.0032482243209314347
szz,random_forest,6,21520,2391,30,0.0,0.0,0.0,0.9302131865028942,0.1577903227895161,0.0,0.9,isotonic,0.011321514072599678,0.04950691417197075,0.0014885328601607702
szz,random_forest,7,21520,2391,30,0.0,0.0,0.0,0.9490823097557533,0.3439386326618606,0.0,0.9333333333333333,isotonic,0.010422373361520644,0.044754805313272854,0.0036050969399605256
szz,random_forest,8,21520,2391,30,0.0,0.0,0.0,0.9558943950303543,0.24492705972234535,0.0,0.9333333333333333,isotonic,0.011098506176092966,0.04675305730185312,0.0011585273123745142
szz,random_forest,9,21520,2391,30,0.0,0.0,0.0,0.9575180008470986,0.24735909171838563,0.0,0.9666666666666667,isotonic,0.010877980225675947,0.044557524575859125,0.002933558626849863
szz,random_forest,10,21520,2391,30,0.0,0.0,0.0,0.9458633347451645,0.1573793605802042,0.0,0.9666666666666667,isotonic,0.011562746988458604,0.049157182429396866,0.0016811769775945552
szz,xgboost,1,21519,2392,30,0.5384615384615384,0.23333333333333334,0.32558139534883723,0.9446514253457522,0.32156759944960833,0.3493449923180097,0.9333333333333333,uncalibrated,,,
szz,xgboost,2,21520,2391,29,0.3333333333333333,0.034482758620689655,0.0625,0.9226108791497561,0.17949569352106126,0.10400775938566029,0.8275862068965517,uncalibrated,,,
szz,xgboost,3,21520,2391,29,0.375,0.10344827586206896,0.16216216216216217,0.9644661157990014,0.32314699390840973,0.1920773185142174,0.9655172413793104,uncalibrated,,,
szz,xgboost,4,21520,2391,29,0.0,0.0,0.0,0.9434144062600368,0.14665739045593681,-0.005072345584123537,0.9310344827586207,uncalibrated,,,
szz,xgboost,5,21520,2391,30,0.6666666666666666,0.06666666666666667,0.12121212121212122,0.9463645348016377,0.31872184942589543,0.20829152226346628,0.9,uncalibrated,,,
szz,xgboost,6,21520,2391,30,0.6363636363636364,0.23333333333333334,0.34146341463414637,0.949414090074827,0.3928842020701692,0.3810094400642359,0.9333333333333333,uncalibrated,,,
szz,xgboost,7,21520,2391,30,0.625,0.16666666666666666,0.2631578947368421,0.932556826203586,0.3344733850102447,0.31880612556010696,0.8666666666666667,uncalibrated,,,
szz,xgboost,8,21520,2391,30,0.5,0.1,0.16666666666666666,0.9458986305237893,0.22133797263085772,0.21965196381489277,0.8666666666666667,uncalibrated,,,
szz,xgboost,9,21520,2391,30,0.625,0.16666666666666666,0.2631578947368421,0.9603840180714387,0.3234787933531709,0.31880612556010696,0.9666666666666667,uncalibrated,,,
szz,xgboost,10,21520,2391,30,0.375,0.1,0.15789473684210525,0.9497529295496259,0.1969742469373222,0.1886711795568264,1.0,uncalibrated,,,
szz,xgboost,1,21519,2392,30,0.0,0.0,0.0,0.8906858594411515,0.3034128954766403,0.0,0.8666666666666667,platt,0.010579837914026714,0.05276617891444897,0.006845087550116318
szz,xgboost,2,21520,2391,29,0.0,0.0,0.0,0.8170749510934625,0.14779482263002136,0.0,0.7586206896551724,platt,0.011373926829373337,0.057838275108156735,0.00386092494333354
szz,xgboost,3,21520,2391,29,0.0,0.0,0.0,0.9318812228094251,0.2712412146402198,0.0,0.896551724137931,platt,0.010726178243488527,0.05127641102313569,0.007077216579521193
szz,xgboost,4,21520,2391,29,0.0,0.0,0.0,0.8897778037314958,0.1304137384901922,0.0,0.9310344827586207,platt,0.01170195435825003,0.060037930107580816,0.004331134562431569
szz,xgboost,5,21520,2391,30,0.0,0.0,0.0,0.8453197797543415,0.29500001821616817,0.0,0.8666666666666667,platt,0.01126769174397064,0.05604215885876901,0.0065294129284845645
szz,xgboost,6,21520,2391,30,0.0,0.0,0.0,0.9397571650430608,0.30536564969609264,0.0,0.8666666666666667,platt,0.010676067525251418,0.05027016117749289,0.006358057545933777
szz,xgboost,7,21520,2391,30,0.0,0.0,0.0,0.7258223916419596,0.29227094414965193,0.0,0.6333333333333333,platt,0.010865855174550913,0.05527441523922577,0.005709071532519018
szz,xgboost,8,21520,2391,30,0.0,0.0,0.0,0.828293096145701,0.1687502033918041,0.0,0.8333333333333334,platt,0.01207874622293901,0.061178268136498654,0.0015379333311656585
szz,xgboost,9,21520,2391,30,0.0,0.0,0.0,0.8794155019059721,0.36652166843471146,0.0,0.9,platt,0.01059468825005504,0.05292274028674524,0.00608583841454153
szz,xgboost,10,21520,2391,30,0.0,0.0,0.0,0.8292672596357477,0.17131516445044592,0.0,0.8333333333333334,platt,0.011650065804333769,0.058366776655346814,0.0035775933624217888
szz,xgboost,1,21519,2392,30,0.0,0.0,0.0,0.9370519333897827,0.270691126975093,0.0,0.9333333333333333,isotonic,0.01073036717350419,0.04591301247649948,0.005597832102396363
szz,xgboost,2,21520,2391,29,0.0,0.0,0.0,0.9206327192034803,0.13890650145444972,0.0,0.8275862068965517,isotonic,0.011149534871639416,0.04917060349301525,0.00307633181671963
szz,xgboost,3,21520,2391,29,0.0,0.0,0.0,0.966860346287483,0.2483599308419285,0.0,0.9655172413793104,isotonic,0.010385352928336516,0.04182296100491026,0.006299696716095728
szz,xgboost,4,21520,2391,29,0.0,0.0,0.0,0.9461444129755614,0.15255818586847159,0.0,1.0,isotonic,0.010979793977591945,0.04632482652216424,0.0021234120804010095
szz,xgboost,5,21520,2391,30,0.0,0.0,0.0,0.9474234081603838,0.3093421413268362,0.0,0.9333333333333333,isotonic,0.01099355188754288,0.047172577551270835,0.003947816206768028
szz,xgboost,6,21520,2391,30,0.0,0.0,0.0,0.9437950021177467,0.3321400587807019,0.0,0.9333333333333333,isotonic,0.010562321934216325,0.04429443169049973,0.005507273528536538
szz,xgboost,7,21520,2391,30,0.0,0.0,0.0,0.9206621488070028,0.28990925185198185,0.0,0.8333333333333334,isotonic,0.010678630651577758,0.04647529718535042,0.003975409078398488
szz,xgboost,8,21520,2391,30,0.0,0.0,0.0,0.9363475928278979,0.15528892288291418,0.0,0.9666666666666667,isotonic,0.011595368868414417,0.04933354509320651,0.0008202318336631754
szz,xgboost,9,21520,2391,30,0.0,0.0,0.0,0.9573768177325992,0.3176286225715233,0.0,0.9666666666666667,isotonic,0.010684537971863238,0.044903616042201715,0.0036918461501547145
szz,xgboost,10,21520,2391,30,0.0,0.0,0.0,0.9507200338839474,0.19854418900880702,0.0,1.0,isotonic,0.011177385418923194,0.04669202057133586,0.0015895930926407946
szz,lightgbm,1,21519,2392,30,0.375,0.4,0.3870967741935484,0.9383855489697998,0.3400734817803596,0.37926041082630557,0.9,uncalibrated,,,
szz,lightgbm,2,21520,2391,29,0.19047619047619047,0.13793103448275862,0.16,0.9054570936377704,0.13143866634377574,0.15337084990467453,0.8620689655172413,uncalibrated,,,
szz,lightgbm,3,21520,2391,29,0.4,0.41379310344827586,0.4067796610169492,0.9601594207130135,0.27856134802205307,0.39943009147987557,0.9310344827586207,uncalibrated,,,
szz,lightgbm,4,21520,2391,29,0.3157894736842105,0.20689655172413793,0.25,0.9466991736985022,0.18552108129982323,0.2482839330530424,1.0,uncalibrated,,,
szz,lightgbm,5,21520,2391,30,0.5555555555555556,0.3333333333333333,0.4166666666666667,0.9133982775660031,0.30210179339042853,0.4248787100072619,0.8333333333333334,uncalibrated,,,
szz,lightgbm,6,21520,2391,30,0.375,0.4,0.3870967741935484,0.9450656501482422,0.3064041332690586,0.3792570049405076,0.9666666666666667,uncalibrated,,,
szz,lightgbm,7,21520,2391,30,0.46153846153846156,0.4,0.42857142857142855,0.909995764506565,0.35096790224910557,0.422941293347133,0.8333333333333334,uncalibrated,,,
szz,lightgbm,8,21520,2391,30,0.34782608695652173,0.26666666666666666,0.3018867924528302,0.9391924325850628,0.2806385535640367,0.2968591384552568,0.9,uncalibrated,,,
szz,lightgbm,9,21520,2391,30,0.25925925925925924,0.23333333333333334,0.24561403508771928,0.9441761965268953,0.2584799178944499,0.23687528016602247,0.9333333333333333,uncalibrated,,,
szz,lightgbm,10,21520,2391,30,0.24242424242424243,0.26666666666666666,0.25396825396825395,0.9529295496258647,0.20552788341213651,0.24431599828216607,1.0,uncalibrated,,,
szz,lightgbm,1,21519,2392,30,0.0,0.0,0.0,0.8175275190516511,0.3371577190008367,0.0,0.8,platt,0.010983091983056976,0.054656644796114394,0.007502967453690147
szz,lightgbm,2,21520,2391,29,0.0,0.0,0.0,0.7923734999562031,0.13917369615784017,0.0,0.7586206896551724,platt,0.011689715492492222,0.061265658203289726,0.0013876402032089123
szz,lightgbm,3,21520,2391,29,0.0,0.0,0.0,0.8972962714239832,0.2378403587158186,0.0,0.8620689655172413,platt,0.010626288839127028,0.05108804836846432,0.006894267485957152
szz,lightgbm,4,21520,2391,29,0.0,0.0,0.0,0.7854973867850157,0.14640622483677815,0.0,0.7586206896551724,platt,0.011459489168736722,0.0594910177393716,0.003774764538328921
szz,lightgbm,5,21520,2391,30,0.0,0.0,0.0,0.7346039813638288,0.26649055997255294,0.0,0.7,platt,0.01139018946858282,0.05749094115590839,0.006073537705051678
szz,lightgbm,6,21520,2391,30,0.0,0.0,0.0,0.9366087815897218,0.3143343431667531,0.0,0.9,platt,0.010839975885710564,0.05167404019557662,0.0072124640325657045
szz,lightgbm,7,21520,2391,30,0.0,0.0,0.0,0.7176761259353381,0.34361745614107614,0.0,0.6666666666666666,platt,0.010911930860796453,0.05495553481766474,0.0073280538773085845
szz,lightgbm,8,21520,2391,30,0.0,0.0,0.0,0.8259353381335592,0.20105544751093982,0.0,0.8,platt,0.012023065029830719,0.06159315462399677,0.0010603593228758212
szz,lightgbm,9,21520,2391,30,0.0,0.0,0.0,0.83715939573627,0.2631586449315057,0.0,0.8333333333333334,platt,0.011443149075973593,0.05747898133998114,0.004319187807716108
szz,lightgbm,10,21520,2391,30,0.0,0.0,0.0,0.7816744317379641,0.16997296335384302,0.0,0.8,platt,0.011677549074193468,0.05944797639792739,0.003198510306536665
szz,lightgbm,1,21519,2392,30,0.0,0.0,0.0,0.9304403048264183,0.3473596022373497,0.0,0.9,isotonic,0.010982156687008809,0.04785800578543219,0.005785405915834771
szz,lightgbm,2,21520,2391,29,0.0,0.0,0.0,0.9023694122456131,0.1102878143169392,0.0,0.896551724137931,isotonic,0.011326533300374435,0.05171842060922965,0.002667442682317989
szz,lightgbm,3,21520,2391,29,0.0,0.0,0.0,0.938786533913399,0.24887740777261663,0.0,0.896551724137931,isotonic,0.01028974620599173,0.04394339972341501,0.007330235718726051
szz,lightgbm,4,21520,2391,29,0.0,0.0,0.0,0.9433779088440537,0.16633694537084942,0.0,1.0,isotonic,0.011009035252912091,0.04757929266981011,0.001549658628094986
szz,lightgbm,5,21520,2391,30,0.0,0.0,0.0,0.936015812508824,0.28752591610293354,0.0,0.9,isotonic,0.01111064362836686,0.048508380636703714,0.002894467671364022
szz,lightgbm,6,21520,2391,30,0.0,0.0,0.0,0.9316391359593392,0.3110227637077781,0.0,0.9666666666666667,isotonic,0.010796412750706304,0.04617314538450678,0.007041065444749888
szz,lightgbm,7,21520,2391,30,0.0,0.0,0.0,0.9004870817450232,0.369902578705922,0.0,0.7666666666666667,isotonic,0.010885503883169828,0.048484173993332706,0.00696148774492891
szz,lightgbm,8,21520,2391,30,0.0,0.0,0.0,0.9226740081886207,0.16238399502034942,0.0,0.8333333333333334,isotonic,0.011499882974483679,0.05054473513166194,0.0015780837775863589
szz,lightgbm,9,21520,2391,30,0.0,0.0,0.0,0.9403289566567838,0.2443054523117327,0.0,0.9333333333333333,isotonic,0.011035050685217443,0.047750969212907356,0.005052568230513362
szz,lightgbm,10,21520,2391,30,0.0,0.0,0.0,0.9504729634335733,0.23307287742610444,0.0,1.0,isotonic,0.011170790827070265,0.04796480125055372,0.0036983596305669186
