variant,model,method,precision_mean,recall_mean,f1_mean,roc_auc_mean,pr_auc_mean,mcc_mean,ce_at_20_mean,brier_mean,nll_mean,ece_mean,precision_std,recall_std,f1_std,roc_auc_std,pr_auc_std,mcc_std,ce_at_20_std,brier_std,nll_std,ece_std
consequence,lightgbm,isotonic,0.8213709153310559,0.3203853971607369,0.45952034971194083,0.8996940451858079,0.6674380723585074,0.4686457873230042,0.7149581472767721,0.08721077937816873,0.30036641660407315,0.08705072784927441,0.03507868906840074,0.04299977300624895,0.04487342883157009,0.01005581164433527,0.02316393417595806,0.038115947126304874,0.02064308393293022,0.002313211921592261,0.006533887710398387,0.004511089331846744
consequence,lightgbm,platt,0.7802671370430283,0.3679438549318993,0.498819518912524,0.9017932022346157,0.6629629757638367,0.4871186794501117,0.7223179846673389,0.08625468560511108,0.2975472183026932,0.08043377041487322,0.03573589295374774,0.03879370999022695,0.03611924295681058,0.009495670604807079,0.02439948094873643,0.031845501326479314,0.02366305425271042,0.0022452786221479662,0.006518641963587821,0.0060198262179078895
consequence,lightgbm,uncalibrated,0.5086328232951237,0.748926073526352,0.6056280201705181,0.9086727582644463,0.6857412490878032,0.5361033621253848,0.7240217025975897,,,,0.017338487472702672,0.017993636467009175,0.014511405922068888,0.005081400903763439,0.01963351806500929,0.01741303366100843,0.018508489129200813,,,
consequence,logistic_regression,isotonic,0.7511233335412426,0.16049519053792355,0.26412281221453177,0.8123023813132703,0.498965159011019,0.30681674075883214,0.5742857828779949,0.10914270959859547,0.365294846021292,0.09383495933578677,0.07330358904088816,0.026959677099600003,0.040416095817126595,0.015083729749375075,0.030911090004499493,0.04634278350336827,0.03243656344553056,0.002040277225199858,0.005339835635771994,0.007231444115751722
consequence,logistic_regression,platt,0.8102595962646933,0.09737280133160481,0.17365190656966958,0.8246968529336058,0.5101814133150679,0.25076623645096974,0.5878803156159472,0.1028500842050812,0.3467347212070102,0.06762276747196526,0.049972998081669565,0.015501231817381089,0.025496582849008766,0.013301246965792192,0.026415144241663625,0.029677317551547244,0.026362055151476087,0.0016843754771690928,0.004293367540372657,0.008007154720272516
consequence,logistic_regression,uncalibrated,0.363465309791311,0.7390254637409772,0.48716371937973674,0.8352182543515179,0.5166074041883443,0.39831024365295536,0.5938293241145308,,,,0.008918582013803905,0.023866423659938928,0.010695724095268632,0.010747750073992113,0.02636762557444498,0.015009538339649976,0.025265142976219294,,,
consequence,random_forest,isotonic,0.7977602526063705,0.3614250732222596,0.4963710858578524,0.9105165641731,0.6893407570341303,0.4900086460001278,0.7364654855075943,0.08054121893557045,0.2709290859303571,0.06011293641833602,0.030241060513598983,0.03560569221496987,0.03450482863095681,0.007537255860116346,0.022069331362319828,0.02889527818971623,0.024799986734145664,0.0022337913252685566,0.006145971279273909,0.0037691685270928124
consequence,random_forest,platt,0.7922565672148532,0.3823754421344089,0.5149613895072486,0.9086163794062798,0.684963652525821,0.5028364082698571,0.7339215121396905,0.08059675649831695,0.282467455252846,0.06679193597196306,0.03225301574756565,0.033102617406235255,0.03247775931557398,0.008886664932953892,0.023717674650725485,0.029443575966390027,0.02525103683809448,0.00258307595652609,0.007210599532210168,0.003797568838807254
consequence,random_forest,uncalibrated,0.7835250418426635,0.4288079576191162,0.5538889605839774,0.9151826626157475,0.703209404150625,0.5312347920408718,0.7455282405851379,,,,0.0257365247399452,0.026730031131002127,0.02616680122474879,0.005782184016243434,0.01856563363856961,0.025652897912558766,0.0202270806035266,,,
consequence,xgboost,isotonic,0.8253044732765634,0.3130351626894576,0.4530350353608255,0.9014645588218058,0.6716364898112083,0.46470312666593594,0.7214657255805765,0.08628599392446304,0.2966433878562639,0.0839810529913329,0.0348796294726375,0.03222303713869963,0.03620164655921933,0.009912824987428704,0.02680404691083233,0.03173696012490146,0.02612349271643182,0.001923468616006493,0.004944509388692337,0.005812454651664331
consequence,xgboost,platt,0.8096922686821791,0.3453009714953346,0.4832055060781231,0.9005255782153133,0.6706565954953819,0.48321098101256543,0.7197740112994351,0.08468113285814298,0.29833124607336703,0.08149050514527256,0.03959846325336937,0.0352729183737239,0.03756517650130291,0.010290059497225137,0.02621245549742244,0.03470194645164588,0.024164777655662047,0.0024209486035535518,0.006330376387459963,0.004506327508985999
consequence,xgboost,uncalibrated,0.742298602872523,0.46730366031273507,0.5731021628765142,0.9110681592747465,0.6951999557455426,0.5362949806636094,0.7356276307997631,,,,0.028193405447348635,0.02214172469271867,0.018585517937642914,0.005667925380352035,0.017446306562892002,0.02005194793166721,0.015718703350939618,,,
severity,lightgbm,isotonic,0.8429841792865282,0.5717899491812535,0.6809708834638684,0.9763502050948064,0.8245204293098374,0.6688608235112893,0.9670186335403728,0.037152335812317645,0.12049154139336533,0.023396142724729636,0.03257336435227668,0.027391350900299486,0.024574988249186375,0.00358905794389461,0.02007957754773812,0.025879451699491005,0.014396593156643924,0.0017423310308421459,0.004931369346824645,0.0026473603578297624
severity,lightgbm,platt,0.7966807815978073,0.6412121212121212,0.710229927172363,0.9757762008930448,0.8216591993033109,0.6879724798832888,0.9600790513833992,0.037755994620066194,0.13360747685127855,0.026303351388650455,0.028750308528746375,0.02158731413221917,0.019373596681641122,0.003732614120202559,0.022243034190554796,0.021367822474963372,0.016764973689204203,0.0021358534700894037,0.00689906273275177,0.004166201739414338
severity,lightgbm,uncalibrated,0.6198217057381612,0.8485827216261999,0.7162056266550493,0.9755555391965585,0.8196399113904855,0.6914243183009509,0.9626858648597778,,,,0.022221614681559095,0.0232383088612272,0.02000665577396846,0.0034468335985833438,0.017954331171364107,0.02230920733827138,0.01577097163577619,,,
severity,logistic_regression,isotonic,0.7607405829160979,0.5387954074910597,0.6303505901078614,0.9611716335251048,0.7552221809650133,0.6090967891080299,0.9244927536231884,0.04257171934348881,0.1429649340335663,0.016435914325174012,0.02439683361278079,0.026898202320374993,0.0208363570281601,0.006331486886540535,0.01872454234680086,0.02074275457139063,0.02203406725675486,0.0016683928077346926,0.005329959103055211,0.0038362135547335974
severity,logistic_regression,platt,0.79663687263934,0.4685281385281385,0.5895437431341846,0.960454453405449,0.7563814251041682,0.5813950547024634,0.9244927536231884,0.04476214519432524,0.1572456062698372,0.030945503014613053,0.036314683082063724,0.028690309188248483,0.028113480830439155,0.0066394008219403736,0.01852449428199389,0.028856119004489637,0.02005064922095603,0.0017852030204593946,0.00561426844310678,0.004439983732482107
severity,logistic_regression,uncalibrated,0.5204371869838644,0.8689535102578582,0.6508362676909383,0.9617743347947931,0.7575429219979621,0.629160635714247,0.9240617353660833,,,,0.02055256606054192,0.023636774749861658,0.020644267703615025,0.005512722163143762,0.01739581499559624,0.023085888024293125,0.022133409608856975,,,
severity,random_forest,isotonic,0.7795535552626742,0.6130208921513269,0.6858679501914341,0.973977613985951,0.8012197866175572,0.6626711945818342,0.9657180500658761,0.038284447185588606,0.12165630225447965,0.016267305774815617,0.030320068323536,0.024130375877119935,0.019371751473858844,0.004024748712249751,0.02102453011955711,0.021133767698429746,0.014116960341207681,0.0019931439768212616,0.005938456347079804,0.003396280998319585
severity,random_forest,platt,0.7812516654892121,0.6138866930171278,0.6868143420242101,0.9737644792002929,0.8006398515124914,0.663931317873305,0.9631093544137022,0.03856626765289774,0.13345599424754911,0.02403242446395165,0.02780776403301272,0.030568255042772174,0.019323611470453275,0.004108731423359217,0.021469089450835057,0.019619610373646134,0.017671676273152963,0.002331001812927553,0.007281553561409161,0.004005612428721045
severity,random_forest,uncalibrated,0.8064076644094704,0.5800414078674948,0.67425457729831,0.9743056369775539,0.8066578684772858,0.6563834821420133,0.968317334839074,,,,0.024240205545993408,0.02210149276443098,0.01343139378495664,0.0044186420740473615,0.020419171227656963,0.013406411432509823,0.01967777373062722,,,
severity,xgboost,isotonic,0.8416656347917364,0.5761264822134388,0.6836569573518956,0.976617770902757,0.8243929672896784,0.6709801634374817,0.968738942217203,0.03702459804786478,0.11899607525158143,0.022531114724753557,0.03112548078447997,0.02763151480062091,0.025098643001172757,0.003549839453594038,0.019898765780622437,0.026323670150214275,0.017745091665083482,0.0017901503951267253,0.0051033999123950334,0.0038363352088290753
severity,xgboost,platt,0.8442527899019965,0.579604743083004,0.6868372718005906,0.9756522993011065,0.8211218850218908,0.6743103488268268,0.9631112365894975,0.03849705945218454,0.14127106936883677,0.02877075736287457,0.03076556415879275,0.029358817612832388,0.024678761913314275,0.0036302873288359913,0.020355724460518292,0.02532115899020093,0.01539098790398167,0.0022494976023623068,0.0069859975021972975,0.0041619957182427655
severity,xgboost,uncalibrated,0.7849358681005651,0.6498720120459252,0.7107496846733501,0.9761159582412071,0.8201966141014945,0.6869060675277779,0.9683154526632787,,,,0.02958812203865073,0.02547733199561673,0.022941011796834544,0.003379286615777307,0.019926082361018563,0.02508525559133303,0.01641357586737601,,,
szz,lightgbm,isotonic,0.0,0.0,0.0,0.9296592118321648,0.24810753529725754,0.0,0.9093103448275862,0.011010575619530144,0.04805253243975532,0.004455877544468326,0.0,0.0,0.0,0.016693452973615505,0.08397582972608535,0.0,0.07221475209596412,0.0003261639358005827,0.0021297215092446536,0.002267770273684717
szz,lightgbm,platt,0.0,0.0,0.0,0.8126352731713535,0.24192074137879443,0.0,0.7879310344827586,0.011304444487850058,0.05691419976382951,0.004875175273323969,0.0,0.0,0.0,0.06712415857413286,0.07619699662874867,0.0,0.0704819446792604,0.0004456763681705975,0.003724926070743849,0.0024708204366966973
szz,lightgbm,uncalibrated,0.35228692698944414,0.30586206896551726,0.32376803861509446,0.9355459107977719,0.26397147612252275,0.3185472710462246,0.9159770114942528,,,,0.10792022358795025,0.09736392858713579,0.09324188003049583,0.01905414369954307,0.07013496639436863,0.09486214113668437,0.06172852571146315,,,
szz,logistic_regression,isotonic,0.0,0.0,0.0,0.9129266239480669,0.193072080826384,0.0,0.8417241379310345,0.011363937215350636,0.0528422955539413,0.010302255617270915,0.0,0.0,0.0,0.027713370837481377,0.04963365837092445,0.0,0.08046898323460884,0.0003213584616682582,0.003184344203307498,0.0036616866174469472
szz,logistic_regression,platt,0.0,0.0,0.0,0.9152043769964365,0.1971183530524246,-0.0002305757783473437,0.8248275862068966,0.011378647907500166,0.05250483910205148,0.0043779392872369685,0.0,0.0,0.0,0.025732804566582734,0.05044027517547289,0.0007291446328437409,0.0934303580647434,0.00031049691889559585,0.0022885046989770696,0.0016043965701410152
szz,logistic_regression,uncalibrated,0.05783277333765261,0.825287356321839,0.10806521661751407,0.9234065945042005,0.21338788818826435,0.19028869350532224,0.852183908045977,,,,0.003984382512915016,0.08539507058994474,0.007536940574870018,0.020594700725333523,0.04439227380370093,0.01966284617068943,0.07226504619789041,,,
szz,random_forest,isotonic,0.0,0.0,0.0,0.9417298620944493,0.2305647275457224,0.0,0.9257471264367816,0.010963380076767962,0.04700943162140871,0.002341037410319212,0.0,0.0,0.0,0.015799825340138116,0.0699635559305736,0.0,0.04813029198927518,0.0003763766587821336,0.0024156650112116553,0.000952269000161967
szz,random_forest,platt,0.1,0.006666666666666666,0.0125,0.9107496413421655,0.24584506051230673,0.025668133484947602,0.8819540229885059,0.011060687402543486,0.052952278528338906,0.005700288193805117,0.31622776601683794,0.021081851067789197,0.03952847075210474,0.03897255411231556,0.07812719152029429,0.08116976509766974,0.0653928823572631,0.0004568469408527563,0.0029799432058354837,0.0016171352724699245
szz,random_forest,uncalibrated,0.5041666666666667,0.056896551724137934,0.09820702152857849,0.933172057760115,0.2801246961894123,0.15734933486438837,0.9426436781609195,,,,0.2710647159755647,0.05212206799390884,0.08192647521871728,0.023173262837813853,0.07714846841219995,0.09697454769488177,0.04534511490115147,,,
szz,xgboost,isotonic,0.0,0.0,0.0,0.9427014415385886,0.24133689315627072,0.0,0.9359770114942529,0.010893684568360987,0.04621028916304543,0.003662944260577447,0.0,0.0,0.0,0.014695847219578692,0.07421420761126783,0.0,0.060790605501978366,0.0003559900167152018,0.002222974158475582,0.0018065159540113893
szz,xgboost,platt,0.0,0.0,0.0,0.8577295031202319,0.2452086319575948,0.0,0.8386206896551724,0.01115150120662394,0.05559733155074006,0.005191227075046895,0.0,0.0,0.0,0.06297565106499844,0.0823735720042841,0.0,0.08603763715785596,0.0005374520238877193,0.0037428083823266758,0.0017942119832797523
szz,xgboost,uncalibrated,0.4674825174825175,0.12045977011494254,0.1863796286339723,0.9459513855779452,0.27587381267626765,0.2275594081453399,0.9190804597701149,,,,0.2048186244043333,0.0786510811879972,0.1112228617707364,0.012064784715357015,0.0821483281106996,0.11907894792491887,0.053486919385520054,,,
