variant,model,held_out_project,n_train,n_test,n_pos_test,precision,recall,f1,roc_auc,pr_auc,mcc,ce_at_20
consequence,logistic_regression,org.apache:archiva,22326,1585,309,0.5727002967359051,0.6245954692556634,0.5975232198142415,0.8983461159976057,0.6469918885516194,0.49548906998809433,0.598705501618123
consequence,logistic_regression,org.apache:batik,22199,1712,341,0.3156862745098039,0.47214076246334313,0.3783783783783784,0.6951729478022977,0.38333608349415155,0.19001227233510867,0.36950146627565983
consequence,logistic_regression,org.apache:bcel,23440,471,93,0.20043103448275862,1.0,0.3339317773788151,0.8000227570120043,0.4942055443528476,0.06092360645722469,0.4838709677419355
consequence,logistic_regression,org.apache:cayenne,20341,3570,330,0.38333333333333336,0.1393939393939394,0.20444444444444446,0.7490128133183689,0.26777925803114916,0.18730876539616462,0.5454545454545454
consequence,logistic_regression,org.apache:cocoon,21209,2702,221,0.23809523809523808,0.5656108597285068,0.3351206434316354,0.7178055484122772,0.36727749409273086,0.28008914533897616,0.5701357466063348
consequence,logistic_regression,org.apache:codec,23794,117,24,0.2222222222222222,1.0,0.36363636363636365,0.8651433691756273,0.670642125605947,0.14664711502135327,0.7083333333333334
consequence,logistic_regression,org.apache:commons-cli,23752,159,32,0.41935483870967744,0.40625,0.4126984126984127,0.6815944881889764,0.3947093528927069,0.2676984045625606,0.4375
consequence,logistic_regression,org.apache:commons-fileupload,23861,50,9,0.23333333333333334,0.7777777777777778,0.358974358974359,0.7100271002710027,0.45799875505757853,0.1700204568168902,0.3333333333333333
consequence,logistic_regression,org.apache:commons-jelly,23492,419,61,0.15885416666666666,1.0,0.27415730337078653,0.7994321824342889,0.5595809707528202,0.12462116709708906,0.6065573770491803
consequence,logistic_regression,org.apache:commons-jexl,23753,158,32,0.3787878787878788,0.78125,0.5102040816326531,0.7842261904761905,0.5024932130527431,0.3714662519938097,0.40625
consequence,logistic_regression,org.apache:configuration,23503,408,81,0.27037037037037037,0.9012345679012346,0.41595441595441596,0.8063200815494393,0.6135582094925843,0.25191744032243196,0.5679012345679012
consequence,logistic_regression,org.apache:daemon,23899,12,3,0.0,0.0,0.0,0.5925925925925926,0.33730158730158727,-0.25819888974716115,0.0
consequence,logistic_regression,org.apache:dbcp,23798,113,23,0.6666666666666666,0.2608695652173913,0.375,0.8396135265700484,0.5738427691099084,0.3383746425731827,0.5217391304347826
consequence,logistic_regression,org.apache:digester,23578,333,67,0.4230769230769231,0.8208955223880597,0.5583756345177665,0.8110761979575807,0.5934692464759965,0.4428936508174041,0.5671641791044776
consequence,logistic_regression,org.apache:felix,20174,3737,378,0.14160455940377029,0.8544973544973545,0.24294847687100413,0.7417055340544473,0.33219774283647313,0.16792470286392092,0.5185185185185185
consequence,logistic_regression,org.apache:hive,18604,5307,1040,0.22312983662940672,0.9980769230769231,0.36472241742796907,0.8283671873591607,0.6069274531858929,0.18236268933889932,0.5548076923076923
consequence,logistic_regression,org.apache:httpclient,23214,697,140,0.29974811083123426,0.85,0.44320297951582865,0.7377917414721723,0.4390324280576238,0.2839332243226626,0.40714285714285714
consequence,logistic_regression,org.apache:httpcore,23129,782,111,0.3360655737704918,0.36936936936936937,0.351931330472103,0.7855829003369987,0.3697722234426676,0.2391477778374037,0.4954954954954955
consequence,logistic_regression,org.apache:net,23661,250,50,0.5531914893617021,0.52,0.5360824742268041,0.8252999999999999,0.5970120532186582,0.4248651888261021,0.52
consequence,logistic_regression,org.apache:thrift,23732,179,11,0.16363636363636364,0.8181818181818182,0.2727272727272727,0.79004329004329,0.30677079719450207,0.28337061318905143,0.5454545454545454
consequence,logistic_regression,org.apache:vfs,23506,405,79,0.3837837837837838,0.8987341772151899,0.5378787878787878,0.8548574978644095,0.6004673432889073,0.4367469282547305,0.5443037974683544
consequence,logistic_regression,org.apache:zookeeper,23166,745,98,0.627906976744186,0.2755102040816326,0.3829787234042553,0.8565987445983029,0.5163714853696827,0.36345987722177736,0.6326530612244898
consequence,decision_tree,org.apache:archiva,22326,1585,309,0.5420560747663551,0.37540453074433655,0.4435946462715105,0.649301011453673,0.3252568678989761,0.34615587619076277,0.39805825242718446
consequence,decision_tree,org.apache:batik,22199,1712,341,0.2996389891696751,0.2434017595307918,0.2686084142394822,0.5509496033248416,0.22363359176736602,0.11050982332259524,0.2873900293255132
consequence,decision_tree,org.apache:bcel,23440,471,93,0.0,0.0,0.0,0.4973544973544973,0.19745222929936307,-0.032390984691132454,0.22580645161290322
consequence,decision_tree,org.apache:cayenne,20341,3570,330,0.17985611510791366,0.15151515151515152,0.16447368421052633,0.5405723905723906,0.1056822990805217,0.08770770699169378,0.22424242424242424
consequence,decision_tree,org.apache:cocoon,21209,2702,221,0.16272189349112426,0.248868778280543,0.1967799642218247,0.5674009348879538,0.10193237218570453,0.11166661435826927,0.37104072398190047
consequence,decision_tree,org.apache:codec,23794,117,24,0.41379310344827586,0.5,0.4528301886792453,0.6586021505376343,0.3094606542882405,0.296651007421629,0.4166666666666667
consequence,decision_tree,org.apache:commons-cli,23752,159,32,0.2,0.03125,0.05405405405405406,0.49987696850393704,0.20121855345911951,-0.0005652984410347716,0.125
consequence,decision_tree,org.apache:commons-fileupload,23861,50,9,0.5714285714285714,0.4444444444444444,0.5,0.6856368563685636,0.35396825396825393,0.41107790664566357,0.5555555555555556
consequence,decision_tree,org.apache:commons-jelly,23492,419,61,0.18840579710144928,0.21311475409836064,0.2,0.5283450865463869,0.15471052767368026,0.053908301211381834,0.26229508196721313
consequence,decision_tree,org.apache:commons-jexl,23753,158,32,0.3191489361702128,0.46875,0.379746835443038,0.607390873015873,0.257196000538648,0.18881966028544517,0.34375
consequence,decision_tree,org.apache:configuration,23503,408,81,0.26666666666666666,0.24691358024691357,0.2564102564102564,0.5393589307962396,0.21535342532074558,0.08106566041247605,0.25925925925925924
consequence,decision_tree,org.apache:daemon,23899,12,3,0.0,0.0,0.0,0.5,0.25,0.0,0.3333333333333333
consequence,decision_tree,org.apache:dbcp,23798,113,23,0.41379310344827586,0.5217391304347826,0.46153846153846156,0.6664251207729469,0.31323718671637635,0.3068282953082615,0.43478260869565216
consequence,decision_tree,org.apache:digester,23578,333,67,0.34,0.2537313432835821,0.2905982905982906,0.5648355964538212,0.23641880686656805,0.14552697631229053,0.2537313432835821
consequence,decision_tree,org.apache:felix,20174,3737,378,0.1839258114374034,0.3148148148148148,0.23219512195121952,0.5788125875205363,0.1272095009604,0.1256160415460806,0.38095238095238093
consequence,decision_tree,org.apache:hive,18604,5307,1040,0.4096638655462185,0.375,0.39156626506024095,0.6219973048980548,0.2774055911923171,0.25170534859200877,0.3875
consequence,decision_tree,org.apache:httpclient,23214,697,140,0.3106060606060606,0.29285714285714287,0.3014705882352941,0.5655296229802513,0.23511592952552546,0.13240047748144876,0.29285714285714287
consequence,decision_tree,org.apache:httpcore,23129,782,111,0.35443037974683544,0.25225225225225223,0.29473684210526313,0.5911709026463124,0.19745130953833395,0.20410400543830592,0.3333333333333333
consequence,decision_tree,org.apache:net,23661,250,50,0.2830188679245283,0.3,0.2912621359223301,0.555,0.22490566037735849,0.10765188462621678,0.3
consequence,decision_tree,org.apache:thrift,23732,179,11,0.13333333333333333,0.36363636363636365,0.1951219512195122,0.6044372294372294,0.08759099373624513,0.1343020245895269,0.36363636363636365
consequence,decision_tree,org.apache:vfs,23506,405,79,0.32432432432432434,0.3037974683544304,0.3137254901960784,0.575211617612798,0.2343313777912934,0.15424369268543567,0.3291139240506329
consequence,decision_tree,org.apache:zookeeper,23166,745,98,0.375,0.3673469387755102,0.3711340206185567,0.6375895025707345,0.22242663225657625,0.2770291792750641,0.3979591836734694
consequence,random_forest,org.apache:archiva,22326,1585,309,0.76,0.061488673139158574,0.11377245508982035,0.9046423390246625,0.6292199944519155,0.1805581985814616,0.6310679611650486
consequence,random_forest,org.apache:batik,22199,1712,341,0.5526315789473685,0.12316715542521994,0.2014388489208633,0.7314576555417948,0.4069154970646156,0.19074368123313468,0.34017595307917886
consequence,random_forest,org.apache:bcel,23440,471,93,0.375,0.03225806451612903,0.0594059405940594,0.8487938783637708,0.5079547577686123,0.058627753685285416,0.5591397849462365
consequence,random_forest,org.apache:cayenne,20341,3570,330,0.44,0.03333333333333333,0.061971830985915494,0.7003544706322484,0.2329239741217355,0.10077068119537887,0.45151515151515154
consequence,random_forest,org.apache:cocoon,21209,2702,221,0.6666666666666666,0.19909502262443438,0.30662020905923343,0.7983370447983864,0.4017598364436735,0.3377057431174971,0.5882352941176471
consequence,random_forest,org.apache:codec,23794,117,24,0.9333333333333333,0.5833333333333334,0.717948717948718,0.9030017921146953,0.8459120219907885,0.6915730220170417,0.7916666666666666
consequence,random_forest,org.apache:commons-cli,23752,159,32,0.0,0.0,0.0,0.7780511811023623,0.6055445076862033,0.0,0.625
consequence,random_forest,org.apache:commons-fileupload,23861,50,9,0.6666666666666666,0.2222222222222222,0.3333333333333333,0.6531165311653117,0.4663436163436163,0.32003694841370844,0.3333333333333333
consequence,random_forest,org.apache:commons-jelly,23492,419,61,0.75,0.04918032786885246,0.09230769230769231,0.7247458558476051,0.3654062231053862,0.16824763589273403,0.47540983606557374
consequence,random_forest,org.apache:commons-jexl,23753,158,32,0.7777777777777778,0.21875,0.34146341463414637,0.785094246031746,0.5403458118645568,0.35178608192924543,0.5
consequence,random_forest,org.apache:configuration,23503,408,81,0.75,0.18518518518518517,0.297029702970297,0.8044512402310566,0.547773007966548,0.3138811733194684,0.5555555555555556
consequence,random_forest,org.apache:daemon,23899,12,3,0.0,0.0,0.0,0.7962962962962963,0.4777777777777778,0.0,0.3333333333333333
consequence,random_forest,org.apache:dbcp,23798,113,23,0.47058823529411764,0.34782608695652173,0.4,0.8466183574879227,0.6081140489978942,0.2791078910273939,0.5652173913043478
consequence,random_forest,org.apache:digester,23578,333,67,0.9090909090909091,0.14925373134328357,0.2564102564102564,0.7757827404331725,0.5677959970912204,0.32636232522618464,0.5373134328358209
consequence,random_forest,org.apache:felix,20174,3737,378,0.5148514851485149,0.13756613756613756,0.21711899791231734,0.7476947346700249,0.31612794676992956,0.22866902359822175,0.5185185185185185
consequence,random_forest,org.apache:hive,18604,5307,1040,0.9122807017543859,0.05,0.09480401093892434,0.8357585495123578,0.5707330116910687,0.18803200347912633,0.5759615384615384
consequence,random_forest,org.apache:httpclient,23214,697,140,0.5625,0.06428571428571428,0.11538461538461539,0.7417286483713773,0.39431749112541536,0.1383576125252116,0.38571428571428573
consequence,random_forest,org.apache:httpcore,23129,782,111,0.5714285714285714,0.07207207207207207,0.128,0.7937729085270069,0.3679722203000968,0.16615570116256495,0.4774774774774775
consequence,random_forest,org.apache:net,23661,250,50,0.46153846153846156,0.24,0.3157894736842105,0.7889999999999999,0.4992672149843407,0.22276052780340766,0.5
consequence,random_forest,org.apache:thrift,23732,179,11,0.6666666666666666,0.18181818181818182,0.2857142857142857,0.7784090909090908,0.3737505140544205,0.3290147864452194,0.6363636363636364
consequence,random_forest,org.apache:vfs,23506,405,79,0.8,0.1518987341772152,0.2553191489361702,0.8515958686029355,0.6044574878084027,0.29940363222718325,0.5569620253164557
consequence,random_forest,org.apache:zookeeper,23166,745,98,0.7391304347826086,0.17346938775510204,0.2809917355371901,0.8704854430180109,0.5178020881161832,0.32084461273746756,0.6428571428571429
consequence,xgboost,org.apache:archiva,22326,1585,309,0.8478260869565217,0.1262135922330097,0.21971830985915494,0.9122396546651652,0.675476021649989,0.2849136613723446,0.6343042071197411
consequence,xgboost,org.apache:batik,22199,1712,341,0.41420118343195267,0.20527859237536658,0.27450980392156865,0.7115308516804952,0.3701260439777708,0.17817425442722473,0.3548387096774194
consequence,xgboost,org.apache:bcel,23440,471,93,0.8947368421052632,0.1827956989247312,0.30357142857142855,0.8592905501507653,0.6320615575029301,0.3591295965278941,0.5806451612903226
consequence,xgboost,org.apache:cayenne,20341,3570,330,0.37209302325581395,0.09696969696969697,0.15384615384615385,0.7184039468761692,0.24565512742009127,0.15169564409864753,0.4636363636363636
consequence,xgboost,org.apache:cocoon,21209,2702,221,0.63,0.2850678733031674,0.3925233644859813,0.8634454432875374,0.47399500508231024,0.3921643671066576,0.7058823529411765
consequence,xgboost,org.apache:codec,23794,117,24,0.6666666666666666,0.6666666666666666,0.6666666666666666,0.8776881720430108,0.7667705583812467,0.5806451612903226,0.6666666666666666
consequence,xgboost,org.apache:commons-cli,23752,159,32,0.6923076923076923,0.28125,0.4,0.7344980314960631,0.49832803116463553,0.36546104235461413,0.5
consequence,xgboost,org.apache:commons-fileupload,23861,50,9,0.75,0.3333333333333333,0.46153846153846156,0.7100271002710027,0.4982778019390337,0.4375047341055788,0.4444444444444444
consequence,xgboost,org.apache:commons-jelly,23492,419,61,0.5,0.08196721311475409,0.14084507042253522,0.756685593918857,0.4027192731485657,0.15712973165541697,0.5081967213114754
consequence,xgboost,org.apache:commons-jexl,23753,158,32,0.40384615384615385,0.65625,0.5,0.7493799603174603,0.48997505703634403,0.3508493199288517,0.40625
consequence,xgboost,org.apache:configuration,23503,408,81,0.5194805194805194,0.49382716049382713,0.5063291139240507,0.7803450749424246,0.4936140654345723,0.38807353077513473,0.5185185185185185
consequence,xgboost,org.apache:daemon,23899,12,3,0.0,0.0,0.0,0.6666666666666667,0.4206349206349206,-0.17407765595569785,0.3333333333333333
consequence,xgboost,org.apache:dbcp,23798,113,23,0.45161290322580644,0.6086956521739131,0.5185185185185185,0.8048309178743962,0.47885302995784795,0.37883215160953554,0.5217391304347826
consequence,xgboost,org.apache:digester,23578,333,67,0.6666666666666666,0.208955223880597,0.3181818181818182,0.7751094153293681,0.5351496849958318,0.3012214042873948,0.5074626865671642
consequence,xgboost,org.apache:felix,20174,3737,378,0.40213523131672596,0.29894179894179895,0.34294385432473445,0.7591151309519871,0.34582009137356773,0.28463134781741833,0.5158730158730159
consequence,xgboost,org.apache:hive,18604,5307,1040,0.6890459363957597,0.1875,0.2947845804988662,0.825725153683907,0.5543734852442184,0.2948189735563016,0.5423076923076923
consequence,xgboost,org.apache:httpclient,23214,697,140,0.37735849056603776,0.14285714285714285,0.20725388601036268,0.7105155167991793,0.3704486662989258,0.12637905739335575,0.37142857142857144
consequence,xgboost,org.apache:httpcore,23129,782,111,0.34615384615384615,0.24324324324324326,0.2857142857142857,0.7551590338475584,0.3187941198555476,0.19477006947219996,0.3963963963963964
consequence,xgboost,org.apache:net,23661,250,50,0.7222222222222222,0.52,0.6046511627906976,0.8204,0.6197651078370467,0.5354756428359863,0.6
consequence,xgboost,org.apache:thrift,23732,179,11,0.0,0.0,0.0,0.7261904761904763,0.13245360002344264,-0.027200072797383158,0.5454545454545454
consequence,xgboost,org.apache:vfs,23506,405,79,0.48717948717948717,0.24050632911392406,0.3220338983050847,0.79886619554244,0.4623774989687874,0.2406480784858494,0.46835443037974683
consequence,xgboost,org.apache:zookeeper,23166,745,98,0.5641025641025641,0.22448979591836735,0.32116788321167883,0.8502113364665804,0.45893045145701306,0.3007920404694857,0.6122448979591837
consequence,lightgbm,org.apache:archiva,22326,1585,309,0.5894428152492669,0.6504854368932039,0.6184615384615385,0.9124526990697062,0.6644916402361791,0.5213481478637454,0.6310679611650486
consequence,lightgbm,org.apache:batik,22199,1712,341,0.32967032967032966,0.7038123167155426,0.4490177736202058,0.7345923411427753,0.3934445110612304,0.28102622338536437,0.35777126099706746
consequence,lightgbm,org.apache:bcel,23440,471,93,0.75,0.2903225806451613,0.4186046511627907,0.8554076349775275,0.6180622098794131,0.39930981559558015,0.5591397849462365
consequence,lightgbm,org.apache:cayenne,20341,3570,330,0.29508196721311475,0.32727272727272727,0.3103448275862069,0.7187326973438084,0.25186658986136323,0.23646610964268636,0.4575757575757576
consequence,lightgbm,org.apache:cocoon,21209,2702,221,0.3014705882352941,0.5565610859728507,0.39109697933227344,0.7853241194161602,0.4167235948466174,0.33806357593733355,0.5882352941176471
consequence,lightgbm,org.apache:codec,23794,117,24,0.40384615384615385,0.875,0.5526315789473685,0.8884408602150538,0.7885928472142795,0.44017042154147523,0.7083333333333334
consequence,lightgbm,org.apache:commons-cli,23752,159,32,0.5652173913043478,0.40625,0.4727272727272727,0.6998031496062992,0.45674517073101584,0.3733084613118068,0.40625
consequence,lightgbm,org.apache:commons-fileupload,23861,50,9,0.21428571428571427,0.3333333333333333,0.2608695652173913,0.6775067750677507,0.45494415049970605,0.05565225807531215,0.3333333333333333
consequence,lightgbm,org.apache:commons-jelly,23492,419,61,0.27586206896551724,0.39344262295081966,0.32432432432432434,0.7014836523491162,0.30998479252552974,0.1890893507162749,0.39344262295081966
consequence,lightgbm,org.apache:commons-jexl,23753,158,32,0.39655172413793105,0.71875,0.5111111111111111,0.7513640873015873,0.4842914613200575,0.3676694099583988,0.4375
consequence,lightgbm,org.apache:configuration,23503,408,81,0.4222222222222222,0.7037037037037037,0.5277777777777778,0.8039604334201683,0.5652677387067168,0.3943495631260085,0.5308641975308642
consequence,lightgbm,org.apache:daemon,23899,12,3,0.0,0.0,0.0,0.7037037037037037,0.42063492063492064,-0.25819888974716115,0.3333333333333333
consequence,lightgbm,org.apache:dbcp,23798,113,23,0.375,0.782608695652174,0.5070422535211268,0.8202898550724638,0.5504861349102593,0.3659489276036614,0.5217391304347826
consequence,lightgbm,org.apache:digester,23578,333,67,0.4696969696969697,0.4626865671641791,0.46616541353383456,0.736954326113792,0.49820757923661035,0.3329812632029592,0.4626865671641791
consequence,lightgbm,org.apache:felix,20174,3737,378,0.2125114995400184,0.6111111111111112,0.315358361774744,0.7533712634933236,0.3293191099480938,0.23653561674247547,0.48412698412698413
consequence,lightgbm,org.apache:hive,18604,5307,1040,0.48903508771929827,0.4288461538461538,0.4569672131147541,0.8026953272881325,0.5282187641575928,0.33632312700619954,0.46923076923076923
consequence,lightgbm,org.apache:httpclient,23214,697,140,0.34934497816593885,0.5714285714285714,0.43360433604336046,0.7105924596050268,0.3733794614892184,0.25924838694931085,0.36428571428571427
consequence,lightgbm,org.apache:httpcore,23129,782,111,0.26639344262295084,0.5855855855855856,0.36619718309859156,0.7727742645775433,0.405498562766222,0.240149486854642,0.4774774774774775
consequence,lightgbm,org.apache:net,23661,250,50,0.4230769230769231,0.66,0.515625,0.8302,0.6050979655408381,0.37555861791729656,0.58
consequence,lightgbm,org.apache:thrift,23732,179,11,0.16,0.36363636363636365,0.2222222222222222,0.6964285714285714,0.12726289511158156,0.16533212254066557,0.45454545454545453
consequence,lightgbm,org.apache:vfs,23506,405,79,0.5277777777777778,0.7215189873417721,0.6096256684491979,0.8544692086666149,0.5393030089702806,0.5063374863406569,0.5189873417721519
consequence,lightgbm,org.apache:zookeeper,23166,745,98,0.3931034482758621,0.5816326530612245,0.4691358024691358,0.8538702961864808,0.46493302764886196,0.38042627702640486,0.5816326530612245
severity,logistic_regression,org.apache:archiva,22326,1585,88,0.46357615894039733,0.7954545454545454,0.5857740585774058,0.967252687192567,0.7113203712848533,0.5782429257639866,0.9886363636363636
severity,logistic_regression,org.apache:batik,22199,1712,225,0.5397727272727273,0.8444444444444444,0.658578856152513,0.9415228274676828,0.734358106944583,0.614877765510854,0.8311111111111111
severity,logistic_regression,org.apache:bcel,23440,471,60,0.3277777777777778,0.9833333333333333,0.49166666666666664,0.9551094890510949,0.7720682328829279,0.472703190062092,0.8666666666666667
severity,logistic_regression,org.apache:cayenne,20341,3570,189,0.3471615720524017,0.8412698412698413,0.49149922720247297,0.9610474969836105,0.6133246165627592,0.5040811397239052,0.9682539682539683
severity,logistic_regression,org.apache:cocoon,21209,2702,117,0.453781512605042,0.9230769230769231,0.6084507042253521,0.9797549967762733,0.6900931235982599,0.6267906906947541,1.0
severity,logistic_regression,org.apache:codec,23794,117,2,0.0,0.0,0.0,0.8304347826086957,0.07037037037037036,-0.03806934938134405,0.5
severity,logistic_regression,org.apache:commons-cli,23752,159,11,0.42105263157894735,0.7272727272727273,0.5333333333333333,0.7979115479115478,0.5348159408530925,0.5108168868145849,0.8181818181818182
severity,logistic_regression,org.apache:commons-fileupload,23861,50,4,1.0,1.0,1.0,1.0,1.0,1.0,1.0
severity,logistic_regression,org.apache:commons-jelly,23492,419,13,0.7,0.5384615384615384,0.6086956521739131,0.9890109890109889,0.7023621015000325,0.6032908671026648,1.0
severity,logistic_regression,org.apache:commons-jexl,23753,158,16,0.5384615384615384,0.4375,0.4827586206896552,0.9485035211267606,0.6728459582970809,0.43392682219194084,1.0
severity,logistic_regression,org.apache:configuration,23503,408,25,0.5609756097560976,0.92,0.696969696969697,0.9885117493472585,0.8391846205308151,0.6964019418329048,1.0
severity,logistic_regression,org.apache:daemon,23899,12,6,1.0,1.0,1.0,1.0,1.0,1.0,0.5
severity,logistic_regression,org.apache:dbcp,23798,113,22,0.9444444444444444,0.7727272727272727,0.85,0.986013986013986,0.9549145150278116,0.8242135536131161,0.9090909090909091
severity,logistic_regression,org.apache:digester,23578,333,21,0.2982456140350877,0.8095238095238095,0.4358974358974359,0.9429181929181929,0.670326967413813,0.43968866789609107,0.9047619047619048
severity,logistic_regression,org.apache:felix,20174,3737,574,0.5964912280701754,0.8885017421602788,0.7137858642407278,0.9584007596545863,0.826165890141496,0.6690391672388086,0.8362369337979094
severity,logistic_regression,org.apache:hive,18604,5307,669,0.6440281030444965,0.8221225710014948,0.7222586999343401,0.964231270759328,0.8182467789339314,0.6834021284036988,0.8923766816143498
severity,logistic_regression,org.apache:httpclient,23214,697,59,0.4631578947368421,0.7457627118644068,0.5714285714285714,0.9424844588491579,0.6738732263541035,0.5401777115476041,0.864406779661017
severity,logistic_regression,org.apache:httpcore,23129,782,41,0.39080459770114945,0.8292682926829268,0.53125,0.9581975576840789,0.49717308217421824,0.5371197526345025,0.975609756097561
severity,logistic_regression,org.apache:net,23661,250,42,0.475,0.9047619047619048,0.6229508196721312,0.9242216117216118,0.6697162916151054,0.5633037005372858,0.7142857142857143
severity,logistic_regression,org.apache:thrift,23732,179,25,0.4897959183673469,0.96,0.6486486486486487,0.9675324675324676,0.8517703607022493,0.6201257074872041,0.84
severity,logistic_regression,org.apache:vfs,23506,405,38,0.45098039215686275,0.6052631578947368,0.5168539325842697,0.9299440699842249,0.5582156761607717,0.46490930011550907,0.8421052631578947
severity,logistic_regression,org.apache:zookeeper,23166,745,58,0.5333333333333333,0.6896551724137931,0.6015037593984962,0.964362796767555,0.6592980231747272,0.5687578296657967,0.9827586206896551
severity,decision_tree,org.apache:archiva,22326,1585,88,0.6031746031746031,0.4318181818181818,0.5033112582781457,0.7075590575089572,0.29200750178668156,0.4865711118678763,0.5340909090909091
severity,decision_tree,org.apache:batik,22199,1712,225,0.47719298245614034,0.6044444444444445,0.5333333333333333,0.7521213479787789,0.34042262848190047,0.4573534324812884,0.6044444444444445
severity,decision_tree,org.apache:bcel,23440,471,60,0.6206896551724138,0.6,0.6101694915254238,0.7732360097323602,0.42336920711618714,0.5544666681244756,0.6666666666666666
severity,decision_tree,org.apache:cayenne,20341,3570,189,0.5058823529411764,0.455026455026455,0.479108635097493,0.7150908672647802,0.25904139433551193,0.45231556681223817,0.5238095238095238
severity,decision_tree,org.apache:cocoon,21209,2702,117,0.4943820224719101,0.37606837606837606,0.42718446601941745,0.6793301261386367,0.21293846877476147,0.40901736450833487,0.48717948717948717
severity,decision_tree,org.apache:codec,23794,117,2,0.0,0.0,0.0,0.4565217391304348,0.017094017094017096,-0.040315698512190044,0.0
severity,decision_tree,org.apache:commons-cli,23752,159,11,0.5714285714285714,0.36363636363636365,0.4444444444444444,0.6716830466830467,0.2518173650249122,0.4247308371365388,0.36363636363636365
severity,decision_tree,org.apache:commons-fileupload,23861,50,4,0.3333333333333333,0.25,0.2857142857142857,0.6032608695652174,0.1433333333333333,0.23592020058113894,0.25
severity,decision_tree,org.apache:commons-jelly,23492,419,13,0.75,0.23076923076923078,0.35294117647058826,0.6141530882910193,0.19694327152561042,0.4070973824331836,0.6923076923076923
severity,decision_tree,org.apache:commons-jexl,23753,158,16,0.5833333333333334,0.4375,0.5,0.7011443661971831,0.31217035864978904,0.4581154949791409,0.4375
severity,decision_tree,org.apache:configuration,23503,408,25,0.4375,0.28,0.34146341463414637,0.6282506527415144,0.16661764705882354,0.3169245966766953,0.52
severity,decision_tree,org.apache:daemon,23899,12,6,1.0,0.6666666666666666,0.8,0.8333333333333333,0.8333333333333333,0.7071067811865476,0.5
severity,decision_tree,org.apache:dbcp,23798,113,22,0.875,0.6363636363636364,0.7368421052631579,0.8071928071928071,0.6276146419951729,0.6977939768164974,0.6363636363636364
severity,decision_tree,org.apache:digester,23578,333,21,0.4666666666666667,0.3333333333333333,0.3888888888888889,0.6538461538461537,0.1975975975975976,0.3606155034996361,0.3333333333333333
severity,decision_tree,org.apache:felix,20174,3737,574,0.7023498694516971,0.4686411149825784,0.5621734587251829,0.7162996912250862,0.4107662956627933,0.5142928910021061,0.5313588850174216
severity,decision_tree,org.apache:hive,18604,5307,669,0.632088520055325,0.6831091180866966,0.6566091954022989,0.8128784055289024,0.47173267098272487,0.6054699077523782,0.70254110612855
severity,decision_tree,org.apache:httpclient,23214,697,59,0.42857142857142855,0.3559322033898305,0.3888888888888889,0.6560225280272036,0.20706174160445492,0.3397567614920452,0.4915254237288136
severity,decision_tree,org.apache:httpcore,23129,782,41,0.25925925925925924,0.34146341463414637,0.29473684210526313,0.6437411540107304,0.12305440616213494,0.2527258033146915,0.4146341463414634
severity,decision_tree,org.apache:net,23661,250,42,0.7317073170731707,0.7142857142857143,0.7228915662650602,0.8307005494505495,0.5706480836236935,0.6678149750298694,0.7142857142857143
severity,decision_tree,org.apache:thrift,23732,179,25,0.7333333333333333,0.44,0.55,0.707012987012987,0.40087895716946,0.5179530547351885,0.56
severity,decision_tree,org.apache:vfs,23506,405,38,0.6,0.39473684210526316,0.47619047619047616,0.6837444428509968,0.293632228719948,0.4452533919871643,0.5
severity,decision_tree,org.apache:zookeeper,23166,745,58,0.6,0.5689655172413793,0.584070796460177,0.7684711137880842,0.3749363573246934,0.5501917011463664,0.6379310344827587
severity,random_forest,org.apache:archiva,22326,1585,88,0.9259259259259259,0.2840909090909091,0.43478260869565216,0.9828976134086355,0.7844559514464179,0.5003763479183662,1.0
severity,random_forest,org.apache:batik,22199,1712,225,0.7348066298342542,0.5911111111111111,0.6551724137931034,0.9503609056265411,0.7366534106222828,0.6140456014087925,0.84
severity,random_forest,org.apache:bcel,23440,471,60,0.8,0.4,0.5333333333333333,0.9558394160583943,0.7596550147990757,0.5261747088388603,0.8666666666666667
severity,random_forest,org.apache:cayenne,20341,3570,189,0.8227848101265823,0.3439153439153439,0.48507462686567165,0.9732398135237532,0.7030836022812278,0.5171968516708272,1.0
severity,random_forest,org.apache:cocoon,21209,2702,117,0.6973684210526315,0.452991452991453,0.5492227979274611,0.9786225594736233,0.681478278019552,0.546693513959125,1.0
severity,random_forest,org.apache:codec,23794,117,2,0.0,0.0,0.0,0.8608695652173913,0.09259259259259259,-0.017391304347826087,0.5
severity,random_forest,org.apache:commons-cli,23752,159,11,0.75,0.2727272727272727,0.4,0.9591523341523343,0.6882117882117883,0.4309876755502214,0.9090909090909091
severity,random_forest,org.apache:commons-fileupload,23861,50,4,0.0,0.0,0.0,1.0,1.0,0.0,1.0
severity,random_forest,org.apache:commons-jelly,23492,419,13,1.0,0.15384615384615385,0.26666666666666666,0.989200454717696,0.7006649147953494,0.38702436876516944,1.0
severity,random_forest,org.apache:commons-jexl,23753,158,16,1.0,0.25,0.4,0.9674295774647887,0.7244670090258325,0.48012444274321264,1.0
severity,random_forest,org.apache:configuration,23503,408,25,0.8571428571428571,0.24,0.375,0.9760835509138381,0.7698011567093839,0.4384386563070084,0.96
severity,random_forest,org.apache:daemon,23899,12,6,1.0,0.6666666666666666,0.8,0.9722222222222223,0.976190476190476,0.7071067811865476,0.5
severity,random_forest,org.apache:dbcp,23798,113,22,1.0,0.36363636363636365,0.5333333333333333,0.9787712287712288,0.924756106344981,0.5613835722137897,0.8181818181818182
severity,random_forest,org.apache:digester,23578,333,21,0.8,0.19047619047619047,0.3076923076923077,0.9423076923076923,0.5644477380761572,0.3743136755275543,0.8571428571428571
severity,random_forest,org.apache:felix,20174,3737,574,0.8978723404255319,0.367595818815331,0.5216316440049443,0.9620588556050412,0.8140093929235253,0.5347192205120206,0.8501742160278746
severity,random_forest,org.apache:hive,18604,5307,669,0.8023715415019763,0.6068759342301944,0.691063829787234,0.9669222082349551,0.8189830035969541,0.6614955268112401,0.8938714499252616
severity,random_forest,org.apache:httpclient,23214,697,59,0.7391304347826086,0.288135593220339,0.4146341463414634,0.9413952499867169,0.5991165631498123,0.43433824326756415,0.847457627118644
severity,random_forest,org.apache:httpcore,23129,782,41,0.6,0.21951219512195122,0.32142857142857145,0.9614068003028209,0.5387288130493992,0.3435528678051844,1.0
severity,random_forest,org.apache:net,23661,250,42,0.75,0.42857142857142855,0.5454545454545454,0.9318337912087912,0.7294955892979019,0.5072920798743253,0.7380952380952381
severity,random_forest,org.apache:thrift,23732,179,25,0.9285714285714286,0.52,0.6666666666666666,0.9623376623376624,0.8573187818717232,0.6629340325066722,0.88
severity,random_forest,org.apache:vfs,23506,405,38,0.8461538461538461,0.2894736842105263,0.43137254901960786,0.9519575505521296,0.6770761451694172,0.46985656820051636,0.9210526315789473
severity,random_forest,org.apache:zookeeper,23166,745,58,0.6829268292682927,0.4827586206896552,0.5656565656565656,0.9621166490990314,0.6165779084147618,0.5449772118199053,1.0
severity,xgboost,org.apache:archiva,22326,1585,88,0.8571428571428571,0.4090909090909091,0.5538461538461539,0.9841880731159288,0.7980612550269013,0.5775485941144631,1.0
severity,xgboost,org.apache:batik,22199,1712,225,0.6588235294117647,0.7466666666666667,0.7,0.9534857655234252,0.7635614680187053,0.6530343912174152,0.8488888888888889
severity,xgboost,org.apache:bcel,23440,471,60,0.7636363636363637,0.7,0.7304347826086957,0.9600567721005677,0.7682338322948372,0.6938815878117388,0.8833333333333333
severity,xgboost,org.apache:cayenne,20341,3570,189,0.75,0.5396825396825397,0.6276923076923077,0.9738970812617663,0.7201090701123641,0.6195173397175321,1.0
severity,xgboost,org.apache:cocoon,21209,2702,117,0.75,0.48717948717948717,0.5906735751295337,0.977817454413199,0.6667170901837159,0.5906849333113163,1.0
severity,xgboost,org.apache:codec,23794,117,2,0.0,0.0,0.0,0.8478260869565217,0.07681159420289854,-0.030660569226416797,1.0
severity,xgboost,org.apache:commons-cli,23752,159,11,0.4,0.5454545454545454,0.46153846153846156,0.9428746928746928,0.58997113997114,0.4207488400513855,0.9090909090909091
severity,xgboost,org.apache:commons-fileupload,23861,50,4,1.0,0.5,0.6666666666666666,1.0,1.0,0.6922186552431729,1.0
severity,xgboost,org.apache:commons-jelly,23492,419,13,1.0,0.15384615384615385,0.26666666666666666,0.9888215233042819,0.7031618381618381,0.38702436876516944,1.0
severity,xgboost,org.apache:commons-jexl,23753,158,16,0.8,0.25,0.38095238095238093,0.9511443661971831,0.6793850082686179,0.4187011913708198,1.0
severity,xgboost,org.apache:configuration,23503,408,25,0.8333333333333334,0.4,0.5405405405405406,0.9774412532637076,0.7871211458525944,0.560382020183535,0.96
severity,xgboost,org.apache:daemon,23899,12,6,1.0,0.6666666666666666,0.8,1.0,1.0,0.7071067811865476,0.5
severity,xgboost,org.apache:dbcp,23798,113,22,1.0,0.5909090909090909,0.7428571428571429,0.98001998001998,0.9373209349071419,0.7332988972630962,0.8181818181818182
severity,xgboost,org.apache:digester,23578,333,21,0.65,0.6190476190476191,0.6341463414634146,0.9548229548229549,0.6485642066919028,0.610367722896116,0.9523809523809523
severity,xgboost,org.apache:felix,20174,3737,574,0.7845804988662132,0.6027874564459931,0.6817733990147783,0.9572870549174305,0.7891706260310489,0.6401176105253822,0.8205574912891986
severity,xgboost,org.apache:hive,18604,5307,669,0.7409638554216867,0.7354260089686099,0.7381845461365342,0.9671018833822889,0.827001130850809,0.7005878905579014,0.8863976083707026
severity,xgboost,org.apache:httpclient,23214,697,59,0.7096774193548387,0.3728813559322034,0.4888888888888889,0.946150576483715,0.6082394052455744,0.484440319448552,0.847457627118644
severity,xgboost,org.apache:httpcore,23129,782,41,0.65,0.3170731707317073,0.4262295081967213,0.9536223297455646,0.5339322956623945,0.4343424340867878,0.9512195121951219
severity,xgboost,org.apache:net,23661,250,42,0.6444444444444445,0.6904761904761905,0.6666666666666666,0.9223901098901099,0.7197976874223159,0.5970700538258271,0.7142857142857143
severity,xgboost,org.apache:thrift,23732,179,25,0.8235294117647058,0.56,0.6666666666666666,0.944935064935065,0.7885876143419741,0.6390866528134498,0.76
severity,xgboost,org.apache:vfs,23506,405,38,0.5952380952380952,0.6578947368421053,0.625,0.9538218844113008,0.7196577362020378,0.5849184577978553,0.8947368421052632
severity,xgboost,org.apache:zookeeper,23166,745,58,0.5833333333333334,0.4827586206896552,0.5283018867924528,0.9619786176780605,0.6390863731318872,0.4950772382647654,1.0
severity,lightgbm,org.apache:archiva,22326,1585,88,0.6881720430107527,0.7272727272727273,0.7071823204419889,0.9843854375417502,0.7770595100926525,0.6897610416594963,1.0
severity,lightgbm,org.apache:batik,22199,1712,225,0.4449152542372881,0.9333333333333333,0.6025824964131994,0.948461480983337,0.7500688967307777,0.5724543951838301,0.8311111111111111
severity,lightgbm,org.apache:bcel,23440,471,60,0.6375,0.85,0.7285714285714285,0.9630981346309814,0.7951086249310259,0.6920637001357923,0.8666666666666667
severity,lightgbm,org.apache:cayenne,20341,3570,189,0.5583333333333333,0.708994708994709,0.6247086247086248,0.9735653175463882,0.714929379199025,0.6059359650395758,1.0
severity,lightgbm,org.apache:cocoon,21209,2702,117,0.5867768595041323,0.6068376068376068,0.5966386554621849,0.9770338408636281,0.6686295351312334,0.5781504587789629,1.0
severity,lightgbm,org.apache:codec,23794,117,2,0.05555555555555555,0.5,0.1,0.8608695652173913,0.09953703703703703,0.126522350350995,0.5
severity,lightgbm,org.apache:commons-cli,23752,159,11,0.37037037037037035,0.9090909090909091,0.5263157894736842,0.9422604422604423,0.6091435525259055,0.5367876024894621,0.9090909090909091
severity,lightgbm,org.apache:commons-fileupload,23861,50,4,1.0,1.0,1.0,1.0,1.0,1.0,1.0
severity,lightgbm,org.apache:commons-jelly,23492,419,13,1.0,0.23076923076923078,0.375,0.9892004547176961,0.7510984927372886,0.47457548766357943,1.0
severity,lightgbm,org.apache:commons-jexl,23753,158,16,0.7142857142857143,0.3125,0.43478260869565216,0.9581866197183099,0.6942885362186832,0.43751005310828645,1.0
severity,lightgbm,org.apache:configuration,23503,408,25,0.7037037037037037,0.76,0.7307692307692307,0.9747258485639686,0.7610743395160291,0.7130753674083408,0.96
severity,lightgbm,org.apache:daemon,23899,12,6,1.0,0.8333333333333334,0.9090909090909091,1.0,1.0,0.8451542547285166,0.5
severity,lightgbm,org.apache:dbcp,23798,113,22,0.9444444444444444,0.7727272727272727,0.85,0.9865134865134866,0.9578495378495377,0.8242135536131161,0.8636363636363636
severity,lightgbm,org.apache:digester,23578,333,21,0.375,0.5714285714285714,0.4528301886792453,0.9484126984126984,0.574636236862313,0.4184232744259798,1.0
severity,lightgbm,org.apache:felix,20174,3737,574,0.6241956241956242,0.8449477351916377,0.7179866765358993,0.9602883294539102,0.8025373446011231,0.6686993243773598,0.8310104529616724
severity,lightgbm,org.apache:hive,18604,5307,669,0.6108647450110865,0.8236173393124065,0.7014640356460853,0.9654640195280296,0.8189034138841057,0.6609489267440882,0.8684603886397608
severity,lightgbm,org.apache:httpclient,23214,697,59,0.48863636363636365,0.7288135593220338,0.5850340136054422,0.9383667180277349,0.5778434436619062,0.5516929676508113,0.847457627118644
severity,lightgbm,org.apache:httpcore,23129,782,41,0.3902439024390244,0.3902439024390244,0.3902439024390244,0.9426944471873869,0.41654661330221116,0.3565057108060959,0.9512195121951219
severity,lightgbm,org.apache:net,23661,250,42,0.5714285714285714,0.7619047619047619,0.6530612244897959,0.9225045787545787,0.7184833599734047,0.5797536571487384,0.6904761904761905
severity,lightgbm,org.apache:thrift,23732,179,25,0.5625,0.72,0.631578947368421,0.9392207792207792,0.7879930924531069,0.5691282161402001,0.76
severity,lightgbm,org.apache:vfs,23506,405,38,0.49122807017543857,0.7368421052631579,0.5894736842105263,0.9463645489746163,0.6851200858716555,0.551577898120463,0.8157894736842105
severity,lightgbm,org.apache:zookeeper,23166,745,58,0.5064935064935064,0.6724137931034483,0.5777777777777777,0.961777844702103,0.6253488394052886,0.543143901800426,1.0
szz,logistic_regression,org.apache:archiva,22326,1585,15,0.013227513227513227,1.0,0.02610966057441253,0.8896815286624205,0.1045173336215171,0.06164211721734775,0.6666666666666666
szz,logistic_regression,org.apache:bcel,23440,471,18,0.06666666666666667,0.3333333333333333,0.1111111111111111,0.5377728722099582,0.05093112473335686,0.07212373544511397,0.3333333333333333
szz,logistic_regression,org.apache:cayenne,20341,3570,5,0.021897810218978103,0.6,0.04225352112676056,0.8500420757363254,0.012136999758431764,0.1094894884625372,0.6
szz,logistic_regression,org.apache:codec,23794,117,3,0.0425531914893617,0.6666666666666666,0.08,0.6754385964912281,0.07857142857142857,0.08767422720949021,0.3333333333333333
szz,logistic_regression,org.apache:commons-fileupload,23861,50,6,1.0,0.16666666666666666,0.2857142857142857,0.8446969696969697,0.5461760461760462,0.3868589716493314,0.8333333333333334
szz,logistic_regression,org.apache:commons-jelly,23492,419,3,0.0,0.0,0.0,0.828525641025641,0.030872471065548534,-0.007211538461538462,0.6666666666666666
szz,logistic_regression,org.apache:commons-jexl,23753,158,10,0.16666666666666666,0.2,0.18181818181818182,0.6993243243243243,0.22318086796708245,0.12171894031718641,0.4
szz,logistic_regression,org.apache:configuration,23503,408,4,0.08333333333333333,0.25,0.125,0.8991336633663367,0.0815941802252816,0.12991030624537406,0.75
szz,logistic_regression,org.apache:dbcp,23798,113,9,0.07964601769911504,1.0,0.14754098360655737,0.8717948717948718,0.43290857290857293,0.0,0.5555555555555556
szz,logistic_regression,org.apache:felix,20174,3737,111,0.5,0.009009009009009009,0.017699115044247787,0.7819029730226642,0.18585248957735762,0.0641046656192713,0.5855855855855856
szz,logistic_regression,org.apache:httpclient,23214,697,24,0.22727272727272727,0.20833333333333334,0.21739130434782608,0.842248637939574,0.21053716101538966,0.19093033947336097,0.75
szz,logistic_regression,org.apache:httpcore,23129,782,13,0.016624040920716114,1.0,0.03270440251572327,0.7750325097529259,0.09233775641799498,0.0,0.5384615384615384
szz,logistic_regression,org.apache:net,23661,250,10,0.04032258064516129,1.0,0.07751937984496124,0.72875,0.1214078423476204,0.01833088937766916,0.4
szz,logistic_regression,org.apache:thrift,23732,179,3,0.09090909090909091,0.6666666666666666,0.16,0.9071969696969697,0.14206349206349206,0.21622441140422022,1.0
szz,logistic_regression,org.apache:vfs,23506,405,1,0.0,0.0,0.0,0.6460396039603961,0.006944444444444444,-0.01220791660891091,0.0
szz,logistic_regression,org.apache:zookeeper,23166,745,62,0.2692307692307692,0.3387096774193548,0.3,0.798741321494356,0.3105176231618774,0.23028683020152776,0.5806451612903226
szz,decision_tree,org.apache:archiva,22326,1585,15,0.0449438202247191,0.26666666666666666,0.07692307692307693,0.6062632696390658,0.01892508181807441,0.08938153854430501,0.26666666666666666
szz,decision_tree,org.apache:bcel,23440,471,18,0.0,0.0,0.0,0.4977924944812362,0.03821656050955414,-0.013017144564496444,0.1111111111111111
szz,decision_tree,org.apache:cayenne,20341,3570,5,0.0,0.0,0.0,0.49593267882187936,0.0014005602240896359,-0.0033891537457683817,0.2
szz,decision_tree,org.apache:codec,23794,117,3,0.0,0.0,0.0,0.5,0.02564102564102564,0.0,0.3333333333333333
szz,decision_tree,org.apache:commons-fileupload,23861,50,6,0.0,0.0,0.0,0.48863636363636365,0.12,-0.05275349613399974,0.0
szz,decision_tree,org.apache:commons-jelly,23492,419,3,0.0,0.0,0.0,0.5,0.007159904534606206,0.0,0.3333333333333333
szz,decision_tree,org.apache:commons-jexl,23753,158,10,0.0,0.0,0.0,0.5,0.06329113924050633,0.0,0.1
szz,decision_tree,org.apache:configuration,23503,408,4,0.0,0.0,0.0,0.4863861386138614,0.00980392156862745,-0.016563053409915703,0.0
szz,decision_tree,org.apache:dbcp,23798,113,9,0.25,0.1111111111111111,0.15384615384615385,0.5411324786324786,0.09857423795476893,0.12053399639777403,0.3333333333333333
szz,decision_tree,org.apache:felix,20174,3737,111,0.0,0.0,0.0,0.5,0.0297029702970297,0.0,0.32432432432432434
szz,decision_tree,org.apache:httpclient,23214,697,24,0.0,0.0,0.0,0.49257057949479943,0.03443328550932568,-0.022783462178408622,0.25
szz,decision_tree,org.apache:httpcore,23129,782,13,0.0,0.0,0.0,0.4980494148244473,0.016624040920716114,-0.008068641223864593,0.3076923076923077
szz,decision_tree,org.apache:net,23661,250,10,0.0,0.0,0.0,0.4875,0.04,-0.032009219983223994,0.1
szz,decision_tree,org.apache:thrift,23732,179,3,1.0,0.3333333333333333,0.5,0.6666666666666666,0.3445065176908752,0.5740975657336246,0.3333333333333333
szz,decision_tree,org.apache:vfs,23506,405,1,0.0,0.0,0.0,0.47896039603960394,0.0024691358024691358,-0.010414008200792102,0.0
szz,decision_tree,org.apache:zookeeper,23166,745,62,0.42857142857142855,0.04838709677419355,0.08695652173913043,0.5212652907004203,0.09993195806142331,0.12176719877466263,0.1774193548387097
szz,random_forest,org.apache:archiva,22326,1585,15,0.0,0.0,0.0,0.8636730360934183,0.03954479383290671,0.0,0.8
szz,random_forest,org.apache:bcel,23440,471,18,0.0,0.0,0.0,0.7642874662742212,0.09121310509006383,0.0,0.5
szz,random_forest,org.apache:cayenne,20341,3570,5,0.0,0.0,0.0,0.7715848527349228,0.004270405342391857,0.0,0.8
szz,random_forest,org.apache:codec,23794,117,3,0.0,0.0,0.0,0.77046783625731,0.06686507936507936,0.0,0.3333333333333333
szz,random_forest,org.apache:commons-fileupload,23861,50,6,0.0,0.0,0.0,0.8409090909090908,0.3834485407066052,0.0,0.8333333333333334
szz,random_forest,org.apache:commons-jelly,23492,419,3,0.0,0.0,0.0,0.7107371794871795,0.015344956226535079,0.0,0.3333333333333333
szz,random_forest,org.apache:commons-jexl,23753,158,10,0.0,0.0,0.0,0.6591216216216216,0.18483149761630774,0.0,0.5
szz,random_forest,org.apache:configuration,23503,408,4,0.0,0.0,0.0,0.8143564356435644,0.03683745489112337,0.0,0.5
szz,random_forest,org.apache:dbcp,23798,113,9,0.0,0.0,0.0,0.9038461538461537,0.44906794906794906,0.0,0.7777777777777778
szz,random_forest,org.apache:felix,20174,3737,111,0.0,0.0,0.0,0.7669620806686444,0.07578826015656367,0.0,0.5495495495495496
szz,random_forest,org.apache:httpclient,23214,697,24,0.0,0.0,0.0,0.7646111936602279,0.13735990035372442,0.0,0.5833333333333334
szz,random_forest,org.apache:httpcore,23129,782,13,0.0,0.0,0.0,0.6332399719915975,0.037915217498352645,0.0,0.46153846153846156
szz,random_forest,org.apache:net,23661,250,10,0.0,0.0,0.0,0.7095833333333333,0.11963230308685138,0.0,0.4
szz,random_forest,org.apache:thrift,23732,179,3,0.0,0.0,0.0,0.8645833333333333,0.1251082251082251,0.0,0.6666666666666666
szz,random_forest,org.apache:vfs,23506,405,1,0.0,0.0,0.0,0.8650990099009901,0.01694915254237288,0.0,1.0
szz,random_forest,org.apache:zookeeper,23166,745,62,0.0,0.0,0.0,0.7864615311953904,0.33014043064057,0.0,0.6451612903225806
szz,xgboost,org.apache:archiva,22326,1585,15,0.125,0.06666666666666667,0.08695652173913043,0.8573673036093419,0.05749633685919093,0.08499264185993995,0.8
szz,xgboost,org.apache:bcel,23440,471,18,0.0,0.0,0.0,0.6479028697571744,0.1215066289179231,0.0,0.5
szz,xgboost,org.apache:cayenne,20341,3570,5,0.0,0.0,0.0,0.8299579242636745,0.005539361618335483,0.0,0.6
szz,xgboost,org.apache:codec,23794,117,3,0.0,0.0,0.0,0.38596491228070173,0.02761502154378571,0.0,0.0
szz,xgboost,org.apache:commons-fileupload,23861,50,6,0.0,0.0,0.0,0.6818181818181819,0.3255537691021562,0.0,0.3333333333333333
szz,xgboost,org.apache:commons-jelly,23492,419,3,0.0,0.0,0.0,0.4703525641025641,0.00881949957928617,0.0,0.0
szz,xgboost,org.apache:commons-jexl,23753,158,10,0.0,0.0,0.0,0.6942567567567568,0.20044344503625497,0.0,0.6
szz,xgboost,org.apache:configuration,23503,408,4,0.0,0.0,0.0,0.8972772277227723,0.05418469335228943,-0.006983791967221538,1.0
szz,xgboost,org.apache:dbcp,23798,113,9,0.0,0.0,0.0,0.9241452991452992,0.6081543728602552,0.0,0.7777777777777778
szz,xgboost,org.apache:felix,20174,3737,111,0.0,0.0,0.0,0.7838222944400551,0.10560451795312525,0.0,0.5045045045045045
szz,xgboost,org.apache:httpclient,23214,697,24,0.0,0.0,0.0,0.7555720653789005,0.09040793356920704,0.0,0.5
szz,xgboost,org.apache:httpcore,23129,782,13,0.0,0.0,0.0,0.6439931979593878,0.03735654553543892,0.0,0.46153846153846156
szz,xgboost,org.apache:net,23661,250,10,0.0,0.0,0.0,0.7491666666666666,0.2835188408021974,0.0,0.4
szz,xgboost,org.apache:thrift,23732,179,3,0.0,0.0,0.0,0.7424242424242424,0.1393383674937073,0.0,0.6666666666666666
szz,xgboost,org.apache:vfs,23506,405,1,0.0,0.0,0.0,0.7599009900990099,0.01020408163265306,0.0,0.0
szz,xgboost,org.apache:zookeeper,23166,745,62,0.0,0.0,0.0,0.8233717470363198,0.27104697542269374,0.0,0.6612903225806451
szz,lightgbm,org.apache:archiva,22326,1585,15,0.0196078431372549,0.13333333333333333,0.03418803418803419,0.8440339702760085,0.032822337487493546,0.027477532544537317,0.7333333333333333
szz,lightgbm,org.apache:bcel,23440,471,18,0.0,0.0,0.0,0.650355653666912,0.1638681124208603,0.0,0.5555555555555556
szz,lightgbm,org.apache:cayenne,20341,3570,5,0.0,0.0,0.0,0.7827769985974755,0.0070308216127311874,-0.0015366041882276184,0.8
szz,lightgbm,org.apache:codec,23794,117,3,0.0,0.0,0.0,0.672514619883041,0.049494949494949494,-0.015061880828219448,0.0
szz,lightgbm,org.apache:commons-fileupload,23861,50,6,0.0,0.0,0.0,0.571969696969697,0.4376133126133126,0.0,0.3333333333333333
szz,lightgbm,org.apache:commons-jelly,23492,419,3,0.0,0.0,0.0,0.3870192307692307,0.007456946094746906,0.0,0.0
szz,lightgbm,org.apache:commons-jexl,23753,158,10,0.0,0.0,0.0,0.6864864864864864,0.13614891049767994,0.0,0.4
szz,lightgbm,org.apache:configuration,23503,408,4,0.0,0.0,0.0,0.9393564356435644,0.09678164624973136,-0.014071950894605839,1.0
szz,lightgbm,org.apache:dbcp,23798,113,9,0.0,0.0,0.0,0.8739316239316238,0.4298347768518816,0.0,0.7777777777777778
szz,lightgbm,org.apache:felix,20174,3737,111,0.0,0.0,0.0,0.6663585814164964,0.08654774490977293,0.0,0.4144144144144144
szz,lightgbm,org.apache:httpclient,23214,697,24,0.0,0.0,0.0,0.6309435364041606,0.08614115984174195,0.0,0.3333333333333333
szz,lightgbm,org.apache:httpcore,23129,782,13,0.0,0.0,0.0,0.6015804741422427,0.023198294192133546,-0.0046524636571659795,0.3076923076923077
szz,lightgbm,org.apache:net,23661,250,10,0.2,0.1,0.13333333333333333,0.63,0.17541396174753413,0.11664236870396086,0.3
szz,lightgbm,org.apache:thrift,23732,179,3,0.0,0.0,0.0,0.6666666666666666,0.03625140291806959,0.0,0.3333333333333333
szz,lightgbm,org.apache:vfs,23506,405,1,0.0,0.0,0.0,0.8836633663366337,0.020833333333333332,-0.0024752475247524753,1.0
szz,lightgbm,org.apache:zookeeper,23166,745,62,0.2857142857142857,0.03225806451612903,0.057971014492753624,0.813087422660936,0.28374749003573907,0.07139709156360008,0.6451612903225806
