model,project_id,n_train,n_test,n_pos_test,f1,roc_auc,pr_auc,ce_at_20,note
logistic_regression,org.apache:archiva,11605,844,113,0.5696969696969697,0.9616115637446582,0.8229532001022754,0.8672566371681416,
logistic_regression,org.apache:batik,11367,1082,176,0.7810945273631841,0.9712334437086092,0.8638819680430597,0.8693181818181818,
logistic_regression,org.apache:bcel,12053,396,73,0.474025974025974,0.9792612070062343,0.918594551091079,0.8356164383561644,
logistic_regression,org.apache:cayenne,11487,962,145,0.6194690265486725,0.9682775503313215,0.8429815236594758,0.8896551724137931,
logistic_regression,org.apache:cocoon,10329,2120,464,0.6206896551724138,0.9454022988505747,0.8456599431316973,0.6745689655172413,
logistic_regression,org.apache:codec,12404,45,9,0.45,0.9783950617283951,0.9380952380952383,0.7777777777777778,
logistic_regression,org.apache:commons-cli,12386,63,12,0.6,0.9836601307189542,0.9573412698412699,0.9166666666666666,
logistic_regression,org.apache:commons-fileupload,12424,25,6,0.7142857142857143,0.9210526315789475,0.8284090909090909,0.6666666666666666,
logistic_regression,org.apache:commons-jelly,12290,159,14,0.7222222222222222,0.9738916256157636,0.8993220962124902,0.9285714285714286,
logistic_regression,org.apache:commons-jexl,12348,101,19,0.72,0.9306803594351734,0.7424892973537687,0.7368421052631579,
logistic_regression,org.apache:configuration,12274,175,32,0.8405797101449275,0.9792395104895104,0.852898619392006,0.90625,
logistic_regression,org.apache:daemon,12439,10,4,,,,,training_only
logistic_regression,org.apache:dbcp,12395,54,14,0.717948717948718,0.9178571428571429,0.7706628894590166,0.5714285714285714,
logistic_regression,org.apache:digester,12300,149,26,0.8727272727272727,0.9849906191369606,0.934923912739477,0.9230769230769231,
logistic_regression,org.apache:felix,10365,2084,365,0.7174139728884255,0.967735303258505,0.8839643037414482,0.8575342465753425,
logistic_regression,org.apache:hive,9653,2796,400,0.6806136680613668,0.9350417362270451,0.7759526155500539,0.785,
logistic_regression,org.apache:httpclient,12096,353,43,0.7586206896551724,0.9704426106526631,0.8541388282734332,0.9302325581395349,
logistic_regression,org.apache:httpcore,12088,361,97,0.6490066225165563,0.9466963448922212,0.8558295038887657,0.6185567010309279,
logistic_regression,org.apache:net,12266,183,25,0.3898305084745763,0.9339240506329114,0.7975936228433465,0.84,
logistic_regression,org.apache:thrift,12394,55,10,0.6896551724137931,0.971111111111111,0.9136752136752136,0.8,
logistic_regression,org.apache:vfs,12187,262,44,0.6466165413533834,0.9682026688907424,0.8847305935889975,0.8636363636363636,
logistic_regression,org.apache:zookeeper,12279,170,35,0.75,0.977989417989418,0.9303263916038951,0.8285714285714286,
random_forest,org.apache:archiva,11605,844,113,0.8088888888888889,0.9811629117586529,0.8982066045055335,0.9292035398230089,
random_forest,org.apache:batik,11367,1082,176,0.79375,0.9827914910696367,0.9229465883845153,0.9318181818181818,
random_forest,org.apache:bcel,12053,396,73,0.8235294117647058,0.9821875397599558,0.9286022673128957,0.9041095890410958,
random_forest,org.apache:cayenne,11487,962,145,0.8045977011494253,0.9847971974844891,0.9249434709135467,0.9310344827586207,
random_forest,org.apache:cocoon,10329,2120,464,0.5914718019257221,0.9336972138930535,0.8042082681603513,0.6681034482758621,
random_forest,org.apache:codec,12404,45,9,0.782608695652174,0.962962962962963,0.8808080808080809,0.6666666666666666,
random_forest,org.apache:commons-cli,12386,63,12,0.7333333333333333,0.954248366013072,0.8563849277084571,0.75,
random_forest,org.apache:commons-fileupload,12424,25,6,0.8,0.9912280701754387,0.9761904761904762,0.8333333333333334,
random_forest,org.apache:commons-jelly,12290,159,14,0.4444444444444444,0.9729064039408867,0.8777832811446256,0.9285714285714286,
random_forest,org.apache:commons-jexl,12348,101,19,0.6451612903225806,0.9537869062901155,0.8415964023936158,0.7368421052631579,
random_forest,org.apache:configuration,12274,175,32,0.8064516129032258,0.9803321678321678,0.9198028665303988,0.84375,
random_forest,org.apache:daemon,12439,10,4,,,,,training_only
random_forest,org.apache:dbcp,12395,54,14,0.8,0.9464285714285714,0.7965566996029181,0.5714285714285714,
random_forest,org.apache:digester,12300,149,26,0.7619047619047619,0.99624765478424,0.9815833596602825,1.0,
random_forest,org.apache:felix,10365,2084,365,0.8170563961485557,0.9750635523998502,0.9173514237949194,0.8657534246575342,
random_forest,org.apache:hive,9653,2796,400,0.6694677871148459,0.9268186560934892,0.7684765199907206,0.8025,
random_forest,org.apache:httpclient,12096,353,43,0.8372093023255814,0.9773443360840209,0.8900727463578499,0.9302325581395349,
random_forest,org.apache:httpcore,12088,361,97,0.38016528925619836,0.9157294595438925,0.8122651684219458,0.6082474226804123,
random_forest,org.apache:net,12266,183,25,0.49504950495049505,0.9369620253164557,0.7173414714160171,0.8,
random_forest,org.apache:thrift,12394,55,10,0.46153846153846156,1.0,0.9999999999999999,1.0,
random_forest,org.apache:vfs,12187,262,44,0.7446808510638298,0.9604879065888241,0.8282326617513238,0.8409090909090909,
random_forest,org.apache:zookeeper,12279,170,35,0.75,0.9917460317460318,0.9694193151252584,0.8857142857142857,
xgboost,org.apache:archiva,11605,844,113,0.7903225806451613,0.9805333946708957,0.8899068430200598,0.9292035398230089,
xgboost,org.apache:batik,11367,1082,176,0.8304093567251462,0.9824716536223159,0.9180848101959821,0.9318181818181818,
xgboost,org.apache:bcel,12053,396,73,0.8441558441558441,0.9756563043386063,0.906973685313665,0.863013698630137,
xgboost,org.apache:cayenne,11487,962,145,0.8150943396226416,0.9832355548052168,0.9192201203792089,0.9310344827586207,
xgboost,org.apache:cocoon,10329,2120,464,0.6458797327394209,0.9266388940946193,0.774381171710853,0.6163793103448276,
xgboost,org.apache:codec,12404,45,9,0.6206896551724138,0.9660493827160495,0.9174093879976235,0.7777777777777778,
xgboost,org.apache:commons-cli,12386,63,12,0.7272727272727273,0.9738562091503268,0.918864468864469,0.75,
xgboost,org.apache:commons-fileupload,12424,25,6,0.9090909090909091,1.0,1.0,0.8333333333333334,
xgboost,org.apache:commons-jelly,12290,159,14,0.4444444444444444,0.9724137931034483,0.8440516358058374,0.9285714285714286,
xgboost,org.apache:commons-jexl,12348,101,19,0.7222222222222222,0.9505776636713735,0.836344550340395,0.7368421052631579,
xgboost,org.apache:configuration,12274,175,32,0.8484848484848485,0.9833916083916083,0.929316388694755,0.90625,
xgboost,org.apache:daemon,12439,10,4,,,,,training_only
xgboost,org.apache:dbcp,12395,54,14,0.7567567567567568,0.9607142857142856,0.8775651927437641,0.6428571428571429,
xgboost,org.apache:digester,12300,149,26,0.8,0.9934333958724204,0.9692239581156584,0.9615384615384616,
xgboost,org.apache:felix,10365,2084,365,0.7890137328339576,0.9729262792161737,0.9077292215880359,0.8493150684931506,
xgboost,org.apache:hive,9653,2796,400,0.6982248520710059,0.931167570951586,0.7668657066891363,0.8,
xgboost,org.apache:httpclient,12096,353,43,0.8,0.9765941485371342,0.8807935910274182,0.9302325581395349,
xgboost,org.apache:httpcore,12088,361,97,0.4740740740740741,0.9166276163698844,0.7956177415886884,0.5876288659793815,
xgboost,org.apache:net,12266,183,25,0.48,0.9450632911392405,0.784803217440692,0.8,
xgboost,org.apache:thrift,12394,55,10,0.75,0.9844444444444445,0.9464285714285713,0.8,
xgboost,org.apache:vfs,12187,262,44,0.6666666666666666,0.954649708090075,0.8252308888889458,0.8181818181818182,
xgboost,org.apache:zookeeper,12279,170,35,0.7931034482758621,0.9904761904761904,0.9647021695986252,0.8857142857142857,
lightgbm,org.apache:archiva,11605,844,113,0.8016528925619835,0.9803275910075905,0.8888068022808056,0.9203539823008849,
lightgbm,org.apache:batik,11367,1082,176,0.8377581120943953,0.9827664057796508,0.9208582164655521,0.9375,
lightgbm,org.apache:bcel,12053,396,73,0.8493150684931506,0.9789643326689004,0.9161906673557041,0.8904109589041096,
lightgbm,org.apache:cayenne,11487,962,145,0.8175182481751825,0.9834043810408138,0.9250844660804791,0.9172413793103448,
lightgbm,org.apache:cocoon,10329,2120,464,0.6600877192982456,0.9229792655755455,0.7772144497722332,0.6142241379310345,
lightgbm,org.apache:codec,12404,45,9,0.6666666666666666,0.9876543209876543,0.9598765432098768,0.8888888888888888,
lightgbm,org.apache:commons-cli,12386,63,12,0.7272727272727273,0.9362745098039216,0.8168137357282096,0.5833333333333334,
lightgbm,org.apache:commons-fileupload,12424,25,6,0.8333333333333334,0.9912280701754387,0.9761904761904762,0.8333333333333334,
lightgbm,org.apache:commons-jelly,12290,159,14,0.35294117647058826,0.9753694581280787,0.8328453817424406,0.9285714285714286,
lightgbm,org.apache:commons-jexl,12348,101,19,0.7058823529411765,0.9589216944801027,0.86220811108969,0.7368421052631579,
lightgbm,org.apache:configuration,12274,175,32,0.8405797101449275,0.9829545454545455,0.926824813797575,0.875,
lightgbm,org.apache:daemon,12439,10,4,,,,,training_only
lightgbm,org.apache:dbcp,12395,54,14,0.7777777777777778,0.9964285714285714,0.9910714285714284,0.7142857142857143,
lightgbm,org.apache:digester,12300,149,26,0.8333333333333334,0.9915572232645403,0.9585139677545035,0.9615384615384616,
lightgbm,org.apache:felix,10365,2084,365,0.796044499381953,0.9748149210675209,0.9128252880867092,0.863013698630137,
lightgbm,org.apache:hive,9653,2796,400,0.6919431279620853,0.9369386477462438,0.7812350124085597,0.8025,
lightgbm,org.apache:httpclient,12096,353,43,0.7912087912087912,0.9750937734433609,0.8778905434455222,0.9302325581395349,
lightgbm,org.apache:httpcore,12088,361,97,0.5285714285714286,0.9089347079037801,0.7966335436200342,0.5876288659793815,
lightgbm,org.apache:net,12266,183,25,0.4247787610619469,0.9321518987341771,0.7628899156552096,0.8,
lightgbm,org.apache:thrift,12394,55,10,0.8235294117647058,0.9933333333333334,0.9769230769230769,0.9,
lightgbm,org.apache:vfs,12187,262,44,0.6554621848739496,0.9476647206005003,0.8090430975081404,0.7954545454545454,
lightgbm,org.apache:zookeeper,12279,170,35,0.8333333333333334,0.9881481481481481,0.9590124797697708,0.8285714285714286,
