project_id,model,t1,t2,n_train,n_test,n_pos_train,n_pos_test,precision,recall,f1,roc_auc,pr_auc,mcc,ce_at_20
org.apache:archiva,logistic_regression,2011-07-28 05:49:37+00:00,2012-10-19 21:13:37+00:00,1465,1671,292,179,0.18835978835978837,0.994413407821229,0.3167259786476868,0.8888148336753185,0.4304507591407167,0.29969118297788566,0.6759776536312849
org.apache:batik,logistic_regression,2001-10-04 14:48:40+00:00,2003-08-14 09:32:29+00:00,1638,2025,328,143,0.005076142131979695,0.02097902097902098,0.008174386920980926,0.4650163863766414,0.06840943125929794,-0.16424054110204142,0.013986013986013986
org.apache:bcel,logistic_regression,2014-12-19 00:05:30+00:00,2016-06-25 21:47:44+00:00,445,483,89,8,0.016913319238900635,1.0,0.033264033264033266,0.5252631578947369,0.017429193899782137,0.018869813955460654,0.0
org.apache:cayenne,logistic_regression,2011-05-15 11:23:02+00:00,2016-08-18 07:41:01+00:00,3406,4631,436,914,0.30324074074074076,0.5733041575492341,0.39666919000757,0.675020413041034,0.3069999566512938,0.205233304232874,0.3150984682713348
org.apache:cocoon,logistic_regression,2004-07-12 13:36:43+00:00,2006-09-16 23:47:26+00:00,2331,3499,459,696,0.7989690721649485,0.22270114942528735,0.34831460674157305,0.6854417065459423,0.4379092970283168,0.36419504750339854,0.41235632183908044
org.apache:codec,logistic_regression,2011-08-06 02:19:20+00:00,2016-05-16 20:53:33+00:00,100,136,19,27,0.625,0.18518518518518517,0.2857142857142857,0.7611281005776418,0.4899551666759916,0.26728394407784334,0.48148148148148145
org.apache:commons-jelly,logistic_regression,2003-01-16 09:17:17+00:00,2004-09-08 04:19:22+00:00,401,487,80,94,0.5714285714285714,0.0425531914893617,0.07920792079207921,0.6594661902441665,0.3605044226333918,0.11578701811767961,0.3723404255319149
org.apache:commons-jexl,logistic_regression,2009-08-02 21:58:04+00:00,2015-12-09 10:41:16+00:00,144,222,29,31,0.0,0.0,0.0,0.6868772166863706,0.23905656420088303,0.0,0.2903225806451613
org.apache:configuration,logistic_regression,2012-07-14 20:35:03+00:00,2014-08-24 17:23:38+00:00,256,515,51,103,0.7727272727272727,0.1650485436893204,0.272,0.6024366104251109,0.41962646505384316,0.30246543640156925,0.4077669902912621
org.apache:daemon,logistic_regression,2010-03-19 23:03:51+00:00,2017-07-08 02:35:18+00:00,12,18,3,4,0.0,0.0,0.0,0.23214285714285715,0.1830794817927171,-0.1889822365046136,0.0
org.apache:dbcp,logistic_regression,2011-07-19 20:49:18+00:00,2018-06-10 19:17:32+00:00,104,125,21,25,0.45,0.36,0.4,0.756,0.4338044846021141,0.2727723627949905,0.44
org.apache:digester,logistic_regression,2011-01-27 17:15:45+00:00,2011-05-30 13:12:04+00:00,233,346,47,69,0.21656050955414013,0.9855072463768116,0.35509138381201044,0.5659237168419401,0.22318331110377068,0.1343616825106278,0.18840579710144928
org.apache:felix,logistic_regression,2010-06-24 11:15:42+00:00,2014-05-06 15:23:03+00:00,3467,5078,694,302,0.14285714285714285,0.23841059602649006,0.17866004962779156,0.6696999068188625,0.16173975778699742,0.11703391058496027,0.33774834437086093
org.apache:hive,logistic_regression,2015-04-08 00:21:11+00:00,2017-10-16 03:03:42+00:00,4715,6585,939,1224,0.4296875,0.40441176470588236,0.4166666666666667,0.7658159327898292,0.424441947438241,0.28860308629826925,0.4583333333333333
org.apache:httpclient,logistic_regression,2011-01-07 21:01:16+00:00,2014-08-16 11:06:55+00:00,568,901,89,152,0.30434782608695654,0.5526315789473685,0.3925233644859813,0.7019798327594687,0.3920052651505939,0.2407048489453148,0.42105263157894735
org.apache:httpcore,logistic_regression,2010-03-22 22:02:09+00:00,2016-07-16 11:27:17+00:00,628,998,121,200,0.7391304347826086,0.17,0.2764227642276423,0.7635401002506266,0.46501057124775186,0.2958321734736852,0.435
org.apache:net,logistic_regression,2011-02-15 23:34:53+00:00,2014-04-13 18:38:49+00:00,225,274,45,24,0.10144927536231885,0.2916666666666667,0.15053763440860216,0.5666666666666667,0.15073400080163654,0.028439646260794847,0.16666666666666666
org.apache:thrift,logistic_regression,2011-08-23 20:27:19+00:00,2015-11-08 14:43:55+00:00,165,197,22,37,0.375,0.16216216216216217,0.22641509433962265,0.706081081081081,0.33216364743194793,0.14249245845566297,0.35135135135135137
org.apache:vfs,logistic_regression,2012-02-15 21:08:53+00:00,2019-02-01 02:24:06+00:00,391,469,76,90,0.5125,0.45555555555555555,0.4823529411764706,0.727792436235708,0.4919970739950854,0.36920610273999255,0.4888888888888889
org.apache:zookeeper,logistic_regression,2012-03-30 22:29:08+00:00,2018-05-30 00:23:11+00:00,676,908,49,149,0.532258064516129,0.2214765100671141,0.3127962085308057,0.7916987204994209,0.44715061465335554,0.269104181038437,0.46308724832214765
org.apache:archiva,random_forest,2011-07-28 05:49:37+00:00,2012-10-19 21:13:37+00:00,1465,1671,292,179,0.3197969543147208,0.35195530726256985,0.3351063829787234,0.8544715203618554,0.33810774345913885,0.2514011707100196,0.5810055865921788
org.apache:batik,random_forest,2001-10-04 14:48:40+00:00,2003-08-14 09:32:29+00:00,1638,2025,328,143,0.6590909090909091,0.20279720279720279,0.31016042780748665,0.8561788901852664,0.39640557996835013,0.3423405173728639,0.6993006993006993
org.apache:bcel,random_forest,2014-12-19 00:05:30+00:00,2016-06-25 21:47:44+00:00,445,483,89,8,0.1,0.125,0.1111111111111111,0.6321052631578947,0.0960245152443093,0.09505668780063305,0.5
org.apache:cayenne,random_forest,2011-05-15 11:23:02+00:00,2016-08-18 07:41:01+00:00,3406,4631,436,914,0.3333333333333333,0.00437636761487965,0.008639308855291577,0.7133767673396052,0.367284978821411,0.017412373194150038,0.37527352297593
org.apache:cocoon,random_forest,2004-07-12 13:36:43+00:00,2006-09-16 23:47:26+00:00,2331,3499,459,696,0.6964285714285714,0.05603448275862069,0.10372340425531915,0.6732436715998048,0.38419294404410953,0.15894947671130516,0.3620689655172414
org.apache:codec,random_forest,2011-08-06 02:19:20+00:00,2016-05-16 20:53:33+00:00,100,136,19,27,0.0,0.0,0.0,0.8163438668025823,0.6110468059516263,0.0,0.5185185185185185
org.apache:commons-jelly,random_forest,2003-01-16 09:17:17+00:00,2004-09-08 04:19:22+00:00,401,487,80,94,1.0,0.010638297872340425,0.021052631578947368,0.7870580910616642,0.46462749660605296,0.09275006310192509,0.425531914893617
org.apache:commons-jexl,random_forest,2009-08-02 21:58:04+00:00,2015-12-09 10:41:16+00:00,144,222,29,31,0.0,0.0,0.0,0.6820638405674717,0.29839125442519676,0.0,0.3548387096774194
org.apache:configuration,random_forest,2012-07-14 20:35:03+00:00,2014-08-24 17:23:38+00:00,256,515,51,103,0.9,0.08737864077669903,0.1592920353982301,0.9195140918088415,0.7172198689244819,0.24625914065560214,0.6796116504854369
org.apache:daemon,random_forest,2010-03-19 23:03:51+00:00,2017-07-08 02:35:18+00:00,12,18,3,4,0.0,0.0,0.0,0.3035714285714286,0.19624819624819625,-0.23904572186687875,0.0
org.apache:dbcp,random_forest,2011-07-19 20:49:18+00:00,2018-06-10 19:17:32+00:00,104,125,21,25,0.5333333333333333,0.32,0.4,0.7418,0.4239914882218972,0.30772872744833185,0.48
org.apache:digester,random_forest,2011-01-27 17:15:45+00:00,2011-05-30 13:12:04+00:00,233,346,47,69,0.5370370370370371,0.42028985507246375,0.4715447154471545,0.8156228744833359,0.5430242420776783,0.3633615329824619,0.4782608695652174
org.apache:felix,random_forest,2010-06-24 11:15:42+00:00,2014-05-06 15:23:03+00:00,3467,5078,694,302,0.325,0.08609271523178808,0.13612565445026178,0.7491766919586897,0.1754361044482638,0.14204105081731344,0.48013245033112584
org.apache:hive,random_forest,2015-04-08 00:21:11+00:00,2017-10-16 03:03:42+00:00,4715,6585,939,1224,0.46830985915492956,0.2173202614379085,0.296875,0.7610185154706041,0.3940660624154607,0.22307020271632533,0.4550653594771242
org.apache:httpclient,random_forest,2011-01-07 21:01:16+00:00,2014-08-16 11:06:55+00:00,568,901,89,152,0.38461538461538464,0.03289473684210526,0.06060606060606061,0.6856861780619774,0.2975755037569649,0.06976024022893373,0.42105263157894735
org.apache:httpcore,random_forest,2010-03-22 22:02:09+00:00,2016-07-16 11:27:17+00:00,628,998,121,200,0.8125,0.065,0.12037037037037036,0.8167481203007518,0.5748965479311204,0.19518217623065756,0.52
org.apache:net,random_forest,2011-02-15 23:34:53+00:00,2014-04-13 18:38:49+00:00,225,274,45,24,0.20588235294117646,0.2916666666666667,0.2413793103448276,0.6655000000000001,0.19308485696771804,0.15749286735587062,0.3333333333333333
org.apache:thrift,random_forest,2011-08-23 20:27:19+00:00,2015-11-08 14:43:55+00:00,165,197,22,37,0.0,0.0,0.0,0.7545608108108108,0.33670272569670473,-0.0343489001101274,0.40540540540540543
org.apache:vfs,random_forest,2012-02-15 21:08:53+00:00,2019-02-01 02:24:06+00:00,391,469,76,90,0.6818181818181818,0.16666666666666666,0.26785714285714285,0.7647170917619466,0.48442265535975004,0.2760038869428967,0.4444444444444444
org.apache:zookeeper,random_forest,2012-03-30 22:29:08+00:00,2018-05-30 00:23:11+00:00,676,908,49,149,0.8,0.026845637583892617,0.05194805194805195,0.8000150321422571,0.4688726204302033,0.12776264212229066,0.5100671140939598
org.apache:archiva,xgboost,2011-07-28 05:49:37+00:00,2012-10-19 21:13:37+00:00,1465,1671,292,179,0.2952029520295203,0.44692737430167595,0.35555555555555557,0.8403477765962226,0.3029284728063537,0.26756675770853994,0.553072625698324
org.apache:batik,xgboost,2001-10-04 14:48:40+00:00,2003-08-14 09:32:29+00:00,1638,2025,328,143,0.4140625,0.3706293706293706,0.39114391143911437,0.8128237331212889,0.33669530045003376,0.3482378637441534,0.6433566433566433
org.apache:bcel,xgboost,2014-12-19 00:05:30+00:00,2016-06-25 21:47:44+00:00,445,483,89,8,0.0,0.0,0.0,0.6584210526315789,0.03105160782751909,-0.010259783520851542,0.25
org.apache:cayenne,xgboost,2011-05-15 11:23:02+00:00,2016-08-18 07:41:01+00:00,3406,4631,436,914,0.410958904109589,0.16411378555798686,0.23455824863174354,0.6986874723680717,0.3275590568920502,0.15697449129198132,0.3533916849015317
org.apache:cocoon,xgboost,2004-07-12 13:36:43+00:00,2006-09-16 23:47:26+00:00,2331,3499,459,696,0.63,0.09051724137931035,0.15829145728643215,0.5453583188783774,0.31693516505990926,0.18523205084209024,0.3146551724137931
org.apache:codec,xgboost,2011-08-06 02:19:20+00:00,2016-05-16 20:53:33+00:00,100,136,19,27,0.8,0.14814814814814814,0.25,0.7703024125042474,0.48002383052905695,0.2945828957442283,0.4074074074074074
org.apache:commons-jelly,xgboost,2003-01-16 09:17:17+00:00,2004-09-08 04:19:22+00:00,401,487,80,94,1.0,0.05319148936170213,0.10101010101010101,0.7320529478642196,0.43602672745431126,0.20825423000166648,0.3404255319148936
org.apache:commons-jexl,xgboost,2009-08-02 21:58:04+00:00,2015-12-09 10:41:16+00:00,144,222,29,31,0.8571428571428571,0.1935483870967742,0.3157894736842105,0.7600067556156055,0.4656539913480342,0.3735158940502923,0.5161290322580645
org.apache:configuration,xgboost,2012-07-14 20:35:03+00:00,2014-08-24 17:23:38+00:00,256,515,51,103,0.7586206896551724,0.42718446601941745,0.546583850931677,0.9181001979451409,0.6988672108143636,0.4975227244959511,0.6893203883495146
org.apache:daemon,xgboost,2010-03-19 23:03:51+00:00,2017-07-08 02:35:18+00:00,12,18,3,4,0.0,0.0,0.0,0.2589285714285714,0.23015873015873012,-0.12964074471043288,0.25
org.apache:dbcp,xgboost,2011-07-19 20:49:18+00:00,2018-06-10 19:17:32+00:00,104,125,21,25,0.5,0.32,0.3902439024390244,0.777,0.45924873583964143,0.2873478855663454,0.56
org.apache:digester,xgboost,2011-01-27 17:15:45+00:00,2011-05-30 13:12:04+00:00,233,346,47,69,0.42718446601941745,0.6376811594202898,0.5116279069767442,0.8114895620781667,0.49114780040997796,0.3711157336744401,0.4782608695652174
org.apache:felix,xgboost,2010-06-24 11:15:42+00:00,2014-05-06 15:23:03+00:00,3467,5078,694,302,0.21929824561403508,0.16556291390728478,0.18867924528301888,0.7563028997082544,0.1628046888543774,0.14652140836056166,0.47019867549668876
org.apache:hive,xgboost,2015-04-08 00:21:11+00:00,2017-10-16 03:03:42+00:00,4715,6585,939,1224,0.44677661169415295,0.2434640522875817,0.31517715494447385,0.7309124358566408,0.3452953936564432,0.22515990016672033,0.42401960784313725
org.apache:httpclient,xgboost,2011-01-07 21:01:16+00:00,2014-08-16 11:06:55+00:00,568,901,89,152,0.2857142857142857,0.06578947368421052,0.10695187165775401,0.6703235893471997,0.2694607214661624,0.06281606034830162,0.35526315789473684
org.apache:httpcore,xgboost,2010-03-22 22:02:09+00:00,2016-07-16 11:27:17+00:00,628,998,121,200,0.4712230215827338,0.655,0.5481171548117155,0.7935557644110275,0.5057979997460097,0.4203920952603832,0.515
org.apache:net,xgboost,2011-02-15 23:34:53+00:00,2014-04-13 18:38:49+00:00,225,274,45,24,0.14285714285714285,0.2916666666666667,0.1917808219178082,0.62825,0.2329784602305568,0.09123027437733026,0.3333333333333333
org.apache:thrift,xgboost,2011-08-23 20:27:19+00:00,2015-11-08 14:43:55+00:00,165,197,22,37,0.0,0.0,0.0,0.6785472972972973,0.2924565247762991,-0.048701076700570715,0.40540540540540543
org.apache:vfs,xgboost,2012-02-15 21:08:53+00:00,2019-02-01 02:24:06+00:00,391,469,76,90,0.6,0.26666666666666666,0.36923076923076925,0.7529316915860451,0.48677300164087595,0.3164480496190581,0.4888888888888889
org.apache:zookeeper,xgboost,2012-03-30 22:29:08+00:00,2018-05-30 00:23:11+00:00,676,908,49,149,0.8888888888888888,0.10738255033557047,0.19161676646706588,0.7775287158129294,0.4583544493628956,0.27830848697292165,0.5100671140939598
org.apache:archiva,lightgbm,2011-07-28 05:49:37+00:00,2012-10-19 21:13:37+00:00,1465,1671,292,179,0.2750809061488673,0.4748603351955307,0.3483606557377049,0.8377079994608114,0.30359157405640924,0.25867864668520557,0.5083798882681564
org.apache:batik,lightgbm,2001-10-04 14:48:40+00:00,2003-08-14 09:32:29+00:00,1638,2025,328,143,0.36,0.5034965034965035,0.4198250728862974,0.8438389453267241,0.38029515068311953,0.3739412290998446,0.6713286713286714
org.apache:bcel,lightgbm,2014-12-19 00:05:30+00:00,2016-06-25 21:47:44+00:00,445,483,89,8,0.02857142857142857,0.125,0.046511627906976744,0.7242105263157895,0.041840163198363374,0.026298514066487925,0.625
org.apache:cayenne,lightgbm,2011-05-15 11:23:02+00:00,2016-08-18 07:41:01+00:00,3406,4631,436,914,0.3117134559535334,0.3522975929978118,0.3307652799178223,0.6895547337356484,0.28580080856514556,0.15394056865421105,0.31181619256017507
org.apache:cocoon,lightgbm,2004-07-12 13:36:43+00:00,2006-09-16 23:47:26+00:00,2331,3499,459,696,0.5396825396825397,0.14655172413793102,0.2305084745762712,0.5693279163129815,0.3352995793175181,0.20398780438788075,0.32471264367816094
org.apache:codec,lightgbm,2011-08-06 02:19:20+00:00,2016-05-16 20:53:33+00:00,100,136,19,27,0.35714285714285715,0.18518518518518517,0.24390243902439024,0.7883112470268434,0.4841015995057376,0.13470008777724243,0.5185185185185185
org.apache:commons-jelly,lightgbm,2003-01-16 09:17:17+00:00,2004-09-08 04:19:22+00:00,401,487,80,94,0.9,0.09574468085106383,0.17307692307692307,0.7175301824481619,0.42269129847203624,0.2593687393660726,0.3723404255319149
org.apache:commons-jexl,lightgbm,2009-08-02 21:58:04+00:00,2015-12-09 10:41:16+00:00,144,222,29,31,0.6923076923076923,0.2903225806451613,0.4090909090909091,0.7471710859652085,0.4667792693884072,0.3976658871581343,0.5161290322580645
org.apache:configuration,lightgbm,2012-07-14 20:35:03+00:00,2014-08-24 17:23:38+00:00,256,515,51,103,0.6623376623376623,0.49514563106796117,0.5666666666666667,0.8960788010180036,0.6357345741625461,0.4846269804765062,0.6407766990291263
org.apache:daemon,lightgbm,2010-03-19 23:03:51+00:00,2017-07-08 02:35:18+00:00,12,18,3,4,0.0,0.0,0.0,0.5,0.2222222222222222,0.0,0.5
org.apache:dbcp,lightgbm,2011-07-19 20:49:18+00:00,2018-06-10 19:17:32+00:00,104,125,21,25,0.43333333333333335,0.52,0.4727272727272727,0.7548,0.4703432436329131,0.3278050340535929,0.44
org.apache:digester,lightgbm,2011-01-27 17:15:45+00:00,2011-05-30 13:12:04+00:00,233,346,47,69,0.48,0.5217391304347826,0.5,0.8079840945953016,0.5823066032983508,0.3694122764784037,0.5217391304347826
org.apache:felix,lightgbm,2010-06-24 11:15:42+00:00,2014-05-06 15:23:03+00:00,3467,5078,694,302,0.23174603174603176,0.24172185430463577,0.2366288492706645,0.7576874438417253,0.1741518137404248,0.18732307659265568,0.4900662251655629
org.apache:hive,lightgbm,2015-04-08 00:21:11+00:00,2017-10-16 03:03:42+00:00,4715,6585,939,1224,0.4297924297924298,0.2875816993464052,0.34459128732256483,0.7269922845094016,0.3483409732589562,0.23631216819925754,0.41094771241830064
org.apache:httpclient,lightgbm,2011-01-07 21:01:16+00:00,2014-08-16 11:06:55+00:00,568,901,89,152,0.30612244897959184,0.09868421052631579,0.14925373134328357,0.6738106949617034,0.3003409109452967,0.08800218487303949,0.3881578947368421
org.apache:httpcore,lightgbm,2010-03-22 22:02:09+00:00,2016-07-16 11:27:17+00:00,628,998,121,200,0.4860557768924303,0.61,0.541019955654102,0.8177756892230577,0.5529515119428119,0.4136494490706157,0.55
org.apache:net,lightgbm,2011-02-15 23:34:53+00:00,2014-04-13 18:38:49+00:00,225,274,45,24,0.125,0.375,0.1875,0.6304166666666666,0.18948576113899085,0.07900213056407634,0.3333333333333333
org.apache:thrift,lightgbm,2011-08-23 20:27:19+00:00,2015-11-08 14:43:55+00:00,165,197,22,37,0.5,0.08108108108108109,0.13953488372093023,0.6901182432432433,0.3249739716821951,0.1416684701217276,0.40540540540540543
org.apache:vfs,lightgbm,2012-02-15 21:08:53+00:00,2019-02-01 02:24:06+00:00,391,469,76,90,0.6078431372549019,0.34444444444444444,0.4397163120567376,0.7837584286133099,0.5309123208557444,0.3689481544193997,0.5222222222222223
org.apache:zookeeper,lightgbm,2012-03-30 22:29:08+00:00,2018-05-30 00:23:11+00:00,676,908,49,149,0.65625,0.14093959731543623,0.23204419889502761,0.7317779487315524,0.427340246337036,0.25397734158763813,0.44966442953020136
