variant,model,fold,n_train,n_test,n_pos_test,precision,recall,f1,roc_auc,pr_auc,mcc,ce_at_20,resampler
consequence,logistic_regression,1,21519,2392,354,0.3940972222222222,0.6412429378531074,0.4881720430107527,0.8354374234183286,0.5033823659291933,0.39032762568221263,0.5790960451977402,smote
consequence,logistic_regression,2,21520,2391,354,0.39057239057239057,0.655367231638418,0.48945147679324896,0.8151118155923328,0.4791385389643853,0.392594427112384,0.5847457627118644,smote
consequence,logistic_regression,3,21520,2391,354,0.4050179211469534,0.6384180790960452,0.4956140350877193,0.8170345778243734,0.47046109752478193,0.39919804741324966,0.5706214689265536,smote
consequence,logistic_regression,4,21520,2391,353,0.3855421686746988,0.6345609065155807,0.4796573875802998,0.812793468017025,0.48258614087426727,0.3799643412509039,0.5750708215297451,smote
consequence,logistic_regression,5,21520,2391,353,0.3758741258741259,0.6090651558073654,0.4648648648648649,0.8076934838632552,0.4322204503784673,0.36079303207523883,0.546742209631728,smote
consequence,logistic_regression,6,21520,2391,353,0.3847402597402597,0.6713881019830028,0.4891640866873065,0.8333129463702403,0.5294174109618504,0.39374847710015937,0.5779036827195467,smote
consequence,logistic_regression,7,21520,2391,353,0.3815126050420168,0.6430594900849859,0.47890295358649787,0.8253300602990767,0.48553660005668003,0.3794726030030432,0.5892351274787535,smote
consequence,logistic_regression,8,21520,2391,353,0.38275862068965516,0.6288951841359773,0.4758842443729904,0.8169982791549789,0.49087142685534185,0.3750917599460738,0.56657223796034,smote
consequence,logistic_regression,9,21520,2391,353,0.37954939341421146,0.6203966005665722,0.47096774193548385,0.8064118852288112,0.4662313448324556,0.36870872036096347,0.5580736543909348,smote
consequence,logistic_regression,10,21520,2391,353,0.3808724832214765,0.6430594900849859,0.47839831401475236,0.8124869685605229,0.5169033617419869,0.37885734511501623,0.5835694050991501,smote
consequence,decision_tree,1,21519,2392,354,0.4451754385964912,0.5734463276836158,0.5012345679012346,0.7241992537272057,0.3182734954450015,0.4061719115381903,0.5819209039548022,smote
consequence,decision_tree,2,21520,2391,354,0.4555084745762712,0.6073446327683616,0.5205811138014528,0.7406642370385162,0.3358471274179085,0.4293337754698291,0.6073446327683616,smote
consequence,decision_tree,3,21520,2391,354,0.4838709677419355,0.5932203389830508,0.5329949238578681,0.7412279606932761,0.3472679464339002,0.44527976254278323,0.5988700564971752,smote
consequence,decision_tree,4,21520,2391,353,0.4375,0.5155807365439093,0.47334200260078024,0.7000996644491211,0.2963897758724642,0.37501278465424914,0.5325779036827195,smote
consequence,decision_tree,5,21520,2391,353,0.45893719806763283,0.5382436260623229,0.4954367666232073,0.7138490493651778,0.3142745021509263,0.40157475733074,0.5524079320113314,smote
consequence,decision_tree,6,21520,2391,353,0.46637744034707157,0.6090651558073654,0.5282555282555282,0.7449681268365643,0.34197364534852825,0.4391361077775398,0.6118980169971672,smote
consequence,decision_tree,7,21520,2391,353,0.44539614561027835,0.5892351274787535,0.5073170731707317,0.7310700097579419,0.3246445051818981,0.4135339697860749,0.5920679886685553,smote
consequence,decision_tree,8,21520,2391,353,0.46136363636363636,0.5750708215297451,0.5119798234552333,0.7289731642698085,0.3280520226021415,0.41999030869015436,0.5779036827195467,smote
consequence,decision_tree,9,21520,2391,353,0.47191011235955055,0.5949008498583569,0.5263157894736842,0.7396617246814768,0.3403972113530645,0.43712907968076703,0.603399433427762,smote
consequence,decision_tree,10,21520,2391,353,0.45093457943925236,0.546742209631728,0.4942381562099872,0.7154357574359131,0.3132121218555848,0.3992278709696176,0.5580736543909348,smote
consequence,random_forest,1,21519,2392,354,0.626984126984127,0.6694915254237288,0.6475409836065574,0.9183043362552186,0.7059993346467568,0.5843873518191172,0.751412429378531,smote
consequence,random_forest,2,21520,2391,354,0.5707656612529002,0.6949152542372882,0.6267515923566879,0.9107811975626059,0.697578224483789,0.5581308376707593,0.7457627118644068,smote
consequence,random_forest,3,21520,2391,354,0.6220472440944882,0.6694915254237288,0.6448979591836734,0.9109157146462754,0.691029280074702,0.5810559268945553,0.7457627118644068,smote
consequence,random_forest,4,21520,2391,353,0.5685785536159601,0.6458923512747875,0.6047745358090185,0.914693764647338,0.6914190913241935,0.5326692300432107,0.7110481586402266,smote
consequence,random_forest,5,21520,2391,353,0.6032608695652174,0.6288951841359773,0.6158113730929264,0.9055939973367212,0.6587280550727057,0.5478007170540908,0.71671388101983,smote
consequence,random_forest,6,21520,2391,353,0.6336898395721925,0.6713881019830028,0.6519944979367263,0.9243842905475846,0.7218497434682632,0.5900060911752122,0.7507082152974505,smote
consequence,random_forest,7,21520,2391,353,0.6139896373056994,0.6713881019830028,0.6414073071718539,0.9186768675616545,0.6932178174358524,0.5768209967341399,0.7563739376770539,smote
consequence,random_forest,8,21520,2391,353,0.6177285318559557,0.6317280453257791,0.6246498599439776,0.9074663545607953,0.6776908150776106,0.5588280143788256,0.6940509915014165,smote
consequence,random_forest,9,21520,2391,353,0.6240601503759399,0.7053824362606232,0.6622340425531915,0.9204769437347619,0.7213116605684847,0.6010696457894192,0.7535410764872521,smote
consequence,random_forest,10,21520,2391,353,0.6335227272727273,0.6317280453257791,0.6326241134751773,0.9078597302804784,0.6837214036855427,0.5690979477490956,0.7280453257790368,smote
consequence,xgboost,1,21519,2392,354,0.6023391812865497,0.5819209039548022,0.5919540229885057,0.9099995564500479,0.6865350505782716,0.5226129437770155,0.7146892655367232,smote
consequence,xgboost,2,21520,2391,354,0.5936675461741425,0.635593220338983,0.6139154160982264,0.9026976915759023,0.6950685545044077,0.5445593954761836,0.7203389830508474,smote
consequence,xgboost,3,21520,2391,354,0.6194690265486725,0.5932203389830508,0.6060606060606061,0.9078904670377674,0.6740864380277493,0.5395055431816794,0.7175141242937854,smote
consequence,xgboost,4,21520,2391,353,0.569060773480663,0.5835694050991501,0.5762237762237762,0.901301614925481,0.6656529506367401,0.5017905240549375,0.6827195467422096,smote
consequence,xgboost,5,21520,2391,353,0.5988372093023255,0.5835694050991501,0.5911047345767575,0.8960174530937679,0.6335060534511008,0.5214104763998776,0.6968838526912181,smote
consequence,xgboost,6,21520,2391,353,0.6220238095238095,0.5920679886685553,0.6066763425253991,0.9110866622000684,0.6915674398648024,0.5407375010352963,0.71671388101983,smote
consequence,xgboost,7,21520,2391,353,0.6222222222222222,0.6345609065155807,0.6283309957924264,0.9039231930432268,0.68242475229948,0.5632492976009045,0.7252124645892352,smote
consequence,xgboost,8,21520,2391,353,0.6279761904761905,0.5977337110481586,0.6124818577648766,0.8947810301161779,0.6566622987401012,0.5475224186313531,0.6855524079320113,smote
consequence,xgboost,9,21520,2391,353,0.6264705882352941,0.603399433427762,0.6147186147186147,0.9050678746868981,0.6917406439999285,0.5495806003267404,0.7223796033994334,smote
consequence,xgboost,10,21520,2391,353,0.6227544910179641,0.5892351274787535,0.6055312954876274,0.8921504168670613,0.673011964011707,0.5396935970784568,0.71671388101983,smote
consequence,lightgbm,1,21519,2392,354,0.6366366366366366,0.5988700564971752,0.6171761280931587,0.9120163226382352,0.6934973824442013,0.553405369982256,0.711864406779661,smote
consequence,lightgbm,2,21520,2391,354,0.6038781163434903,0.615819209039548,0.6097902097902098,0.902746228667948,0.6888333202902456,0.541232866425239,0.7429378531073446,smote
consequence,lightgbm,3,21520,2391,354,0.6476190476190476,0.576271186440678,0.6098654708520179,0.905699364025417,0.665554897808409,0.5479173196227023,0.7146892655367232,smote
consequence,lightgbm,4,21520,2391,353,0.5793871866295265,0.5892351274787535,0.5842696629213483,0.9050018487268805,0.6690301554600256,0.5115735338172691,0.7053824362606232,smote
consequence,lightgbm,5,21520,2391,353,0.6132075471698113,0.5524079320113314,0.5812220566318927,0.8962871170146813,0.6385931139561659,0.5140313028463492,0.6997167138810199,smote
consequence,lightgbm,6,21520,2391,353,0.6506024096385542,0.6118980169971672,0.6306569343065693,0.9112437344838993,0.7060213213664926,0.569336654092557,0.7252124645892352,smote
consequence,lightgbm,7,21520,2391,353,0.6366279069767442,0.6203966005665722,0.6284074605451937,0.904988643534877,0.6784739921064743,0.5650816982830116,0.7252124645892352,smote
consequence,lightgbm,8,21520,2391,353,0.63125,0.5722379603399433,0.600297176820208,0.8980281173288258,0.6635612743645493,0.535886806755039,0.6770538243626062,smote
consequence,lightgbm,9,21520,2391,353,0.6791277258566978,0.6175637393767706,0.6468842729970327,0.9103082508819679,0.7092175443347128,0.5900016018456516,0.7280453257790368,smote
consequence,lightgbm,10,21520,2391,353,0.629746835443038,0.5637393767705382,0.5949177877428998,0.8957693344861234,0.6781595518350141,0.5303598525028584,0.7053824362606232,smote
consequence,svm,1,21519,2392,354,0.3647887323943662,0.731638418079096,0.4868421052631579,0.8461477686665225,0.5032096507135888,0.3966648694015122,0.5819209039548022,smote
consequence,svm,2,21520,2391,354,0.3520208604954368,0.7627118644067796,0.4817127564674398,0.8318446313815875,0.4912426000507707,0.3946791109580382,0.596045197740113,smote
consequence,svm,3,21520,2391,354,0.3643835616438356,0.751412429378531,0.4907749077490775,0.8410119012949696,0.5198537727754245,0.40380574322371443,0.5819209039548022,smote
consequence,svm,4,21520,2391,353,0.3469945355191257,0.7195467422096318,0.4682027649769585,0.829974117823673,0.48747150338204454,0.3732976005045661,0.5835694050991501,smote
consequence,svm,5,21520,2391,353,0.36451169188445665,0.7507082152974505,0.49074074074074076,0.8398939970587171,0.4970463691296934,0.40410070608196813,0.5920679886685553,smote
consequence,svm,6,21520,2391,353,0.35968379446640314,0.773371104815864,0.4910071942446043,0.8496220535046579,0.5303263051512213,0.4076455570494037,0.6175637393767706,smote
consequence,svm,7,21520,2391,353,0.36786188579017265,0.7847025495750708,0.5009041591320073,0.8537629237129107,0.5323750445699933,0.42091763509002256,0.6317280453257791,smote
consequence,svm,8,21520,2391,353,0.3492063492063492,0.7478753541076487,0.47610459873760147,0.8310743188205957,0.5018130682341783,0.3863818404672911,0.5750708215297451,smote
consequence,svm,9,21520,2391,353,0.36187845303867405,0.7422096317280453,0.48653667595171773,0.8339759860108366,0.5102952477421889,0.3980110950583322,0.5892351274787535,smote
consequence,svm,10,21520,2391,353,0.3574468085106383,0.7138810198300283,0.4763705103969754,0.828953842988877,0.5212200983531701,0.3824562411009764,0.5807365439093485,smote
severity,logistic_regression,1,21519,2392,231,0.5403899721448467,0.8398268398268398,0.6576271186440678,0.9608045818133739,0.7688567332281815,0.6314097928283618,0.9437229437229437,smote
severity,logistic_regression,2,21520,2391,230,0.5245901639344263,0.8347826086956521,0.6442953020134228,0.9446130012272902,0.7031270594380657,0.6176775473631997,0.8956521739130435,smote
severity,logistic_regression,3,21520,2391,230,0.5487465181058496,0.8565217391304348,0.6689303904923599,0.9479890549866206,0.7293521928539332,0.6451230722134663,0.908695652173913,smote
severity,logistic_regression,4,21520,2391,230,0.5149863760217984,0.8217391304347826,0.6331658291457286,0.9507373800374224,0.7555228435292209,0.6048041413126742,0.9,smote
severity,logistic_regression,5,21520,2391,230,0.4895833333333333,0.8173913043478261,0.6123778501628665,0.9513127980202403,0.7361667623292871,0.5835831087058893,0.8739130434782608,smote
severity,logistic_regression,6,21520,2391,230,0.5311653116531165,0.8521739130434782,0.654424040066778,0.9639518741323462,0.7535720399190989,0.6301898954283115,0.9217391304347826,smote
severity,logistic_regression,7,21520,2391,231,0.5454545454545454,0.8571428571428571,0.6666666666666666,0.9615059323392656,0.7600076412633461,0.6427761853548258,0.922077922077922,smote
severity,logistic_regression,8,21520,2391,231,0.5342465753424658,0.8441558441558441,0.6543624161073825,0.960273368606702,0.7695940161408172,0.6287597818519686,0.9307359307359307,smote
severity,logistic_regression,9,21520,2391,231,0.5220994475138122,0.8181818181818182,0.6374367622259697,0.9431938431938433,0.7356102443602519,0.6083400685943018,0.8874458874458875,smote
severity,logistic_regression,10,21520,2391,231,0.5025,0.8701298701298701,0.6370839936608558,0.9600368767035434,0.7453050246619254,0.6158103318732354,0.8961038961038961,smote
severity,decision_tree,1,21519,2392,231,0.5294117647058824,0.7402597402597403,0.6173285198555957,0.8349609668443542,0.416985827471761,0.578996667384665,0.7748917748917749,smote
severity,decision_tree,2,21520,2391,230,0.5616438356164384,0.7130434782608696,0.6283524904214559,0.8269058205742108,0.4280799872661253,0.5887708573314189,0.7521739130434782,smote
severity,decision_tree,3,21520,2391,230,0.5242718446601942,0.7043478260869566,0.601113172541744,0.8181618815765648,0.39770971733560445,0.5593064673490978,0.7391304347826086,smote
severity,decision_tree,4,21520,2391,230,0.5472312703583062,0.7304347826086957,0.6256983240223464,0.8330563547471983,0.42564732698286567,0.5871120263451903,0.7434782608695653,smote
severity,decision_tree,5,21520,2391,230,0.4969512195121951,0.7086956521739131,0.5842293906810035,0.8161710560730742,0.3802089168333176,0.5419470681128198,0.7217391304347827,smote
severity,decision_tree,6,21520,2391,230,0.5252225519287834,0.7695652173913043,0.6243386243386243,0.8477627105003722,0.42635946490303245,0.5893715110791566,0.7869565217391304,smote
severity,decision_tree,7,21520,2391,231,0.543918918918919,0.696969696969697,0.6110056925996205,0.8172348484848485,0.40837145746179626,0.5691226641483846,0.7316017316017316,smote
severity,decision_tree,8,21520,2391,231,0.5077399380804953,0.70995670995671,0.592057761732852,0.8181727994227994,0.38849512417575316,0.5499831472209885,0.7316017316017316,smote
severity,decision_tree,9,21520,2391,231,0.5451612903225806,0.7316017316017316,0.6247689463955638,0.8331619769119769,0.4247715169842502,0.5860051120035958,0.7445887445887446,smote
severity,decision_tree,10,21520,2391,231,0.5301204819277109,0.7619047619047619,0.6252220248667851,0.8448412698412698,0.42690424720930686,0.5892300425074363,0.7705627705627706,smote
severity,random_forest,1,21519,2392,231,0.5524861878453039,0.8658008658008658,0.6745362563237775,0.9695216860880906,0.7814621323355523,0.6518043655786787,0.9523809523809523,smote
severity,random_forest,2,21520,2391,230,0.5781710914454278,0.8521739130434782,0.6889279437609842,0.9677906766191176,0.7516641893617784,0.6643941304886294,0.9478260869565217,smote
severity,random_forest,3,21520,2391,230,0.5373961218836565,0.8434782608695652,0.6565143824027073,0.9653783473834577,0.7412462769759679,0.6310029490894765,0.9434782608695652,smote
severity,random_forest,4,21520,2391,230,0.5384615384615384,0.8521739130434782,0.6599326599326599,0.9683479870430356,0.7562668112349862,0.6356193302925721,0.9478260869565217,smote
severity,random_forest,5,21520,2391,230,0.520891364902507,0.8130434782608695,0.634974533106961,0.9565388407138402,0.7109550000715841,0.6054149638343562,0.9130434782608695,smote
severity,random_forest,6,21520,2391,230,0.5982142857142857,0.8739130434782608,0.7102473498233216,0.972545922781321,0.7714979823541169,0.6884512835479636,0.9782608695652174,smote
severity,random_forest,7,21520,2391,231,0.5800604229607251,0.8311688311688312,0.6832740213523132,0.9708213083213084,0.7746548213162444,0.6559594290231244,0.9826839826839827,smote
severity,random_forest,8,21520,2391,231,0.5790960451977402,0.8874458874458875,0.7008547008547008,0.9727262706429374,0.7754862238619178,0.6808250352575813,0.9783549783549783,smote
severity,random_forest,9,21520,2391,231,0.5495750708215298,0.8398268398268398,0.6643835616438356,0.9676938031104697,0.7664717131508463,0.6381084355049567,0.9523809523809523,smote
severity,random_forest,10,21520,2391,231,0.5497237569060773,0.8614718614718615,0.6711635750421585,0.9676998156164823,0.7454712377363308,0.6478359128639406,0.9653679653679653,smote
severity,xgboost,1,21519,2392,231,0.6170886075949367,0.8441558441558441,0.7129798903107861,0.9749094034147251,0.824447623803302,0.6875310833500636,0.961038961038961,smote
severity,xgboost,2,21520,2391,230,0.622895622895623,0.8043478260869565,0.7020872865275142,0.9706838621411182,0.7897486760476146,0.6727330540620196,0.9478260869565217,smote
severity,xgboost,3,21520,2391,230,0.5919003115264797,0.8260869565217391,0.6896551724137931,0.9711365511136149,0.8024775649563017,0.662033571902303,0.9434782608695652,smote
severity,xgboost,4,21520,2391,230,0.6051779935275081,0.8130434782608695,0.6938775510204082,0.9726958131299922,0.8002917907310143,0.6650146681566063,0.9608695652173913,smote
severity,xgboost,5,21520,2391,230,0.558641975308642,0.7869565217391304,0.6534296028880866,0.9635977707583042,0.7526118204082072,0.6209453318206072,0.9217391304347826,smote
severity,xgboost,6,21520,2391,230,0.6510067114093959,0.8434782608695652,0.7348484848484849,0.9759934008007565,0.8161426447667071,0.7099996709529294,0.9695652173913043,smote
severity,xgboost,7,21520,2391,231,0.6271186440677966,0.8008658008658008,0.7034220532319392,0.9742925284591952,0.7971818120893372,0.673678464387187,0.9826839826839827,smote
severity,xgboost,8,21520,2391,231,0.6253968253968254,0.8528138528138528,0.7216117216117216,0.9769139810806478,0.8224648967549715,0.6972155319244442,0.9696969696969697,smote
severity,xgboost,9,21520,2391,231,0.5980707395498392,0.8051948051948052,0.6863468634686347,0.9706750040083373,0.8005476489114097,0.6563419845660977,0.9437229437229437,smote
severity,xgboost,10,21520,2391,231,0.5756676557863502,0.8398268398268398,0.6830985915492958,0.9739257655924323,0.8102745551348148,0.6568211741421651,0.9696969696969697,smote
severity,lightgbm,1,21519,2392,231,0.6335616438356164,0.8008658008658008,0.7074569789674953,0.9747731830101103,0.8257647677097882,0.6779155036743303,0.9567099567099567,smote
severity,lightgbm,2,21520,2391,230,0.6309963099630996,0.7434782608695653,0.6826347305389222,0.9684908355632457,0.7759164935853065,0.6484824310354125,0.9434782608695652,smote
severity,lightgbm,3,21520,2391,230,0.6237288135593221,0.8,0.700952380952381,0.9703740216888317,0.8018575178716877,0.6712042820889529,0.9565217391304348,smote
severity,lightgbm,4,21520,2391,230,0.6046511627906976,0.7913043478260869,0.6854990583804144,0.9736595376536628,0.8049292556072074,0.6544141737356459,0.9608695652173913,smote
severity,lightgbm,5,21520,2391,230,0.6192170818505338,0.7565217391304347,0.6810176125244618,0.9663843228778946,0.7654607368271413,0.6473229604769539,0.9304347826086956,smote
severity,lightgbm,6,21520,2391,230,0.6501766784452296,0.8,0.7173489278752436,0.9753837796511277,0.8087251616360144,0.6884023227252589,0.9739130434782609,smote
severity,lightgbm,7,21520,2391,231,0.6604477611940298,0.7662337662337663,0.7094188376753507,0.9749659291325958,0.8079071785887538,0.6780964955436215,0.9783549783549783,smote
severity,lightgbm,8,21520,2391,231,0.6480263157894737,0.8528138528138528,0.7364485981308411,0.9784171075837742,0.8382829031518345,0.7123609127384329,0.9653679653679653,smote
severity,lightgbm,9,21520,2391,231,0.6405693950177936,0.7792207792207793,0.703125,0.9724987974987975,0.8098378791897359,0.6719288552357943,0.9523809523809523,smote
severity,lightgbm,10,21520,2391,231,0.6286644951140065,0.8354978354978355,0.7174721189591078,0.975462962962963,0.823654252061602,0.6912279386485526,0.961038961038961,smote
severity,svm,1,21519,2392,231,0.4938875305623472,0.8744588744588745,0.63125,0.960359862257132,0.7326589620693736,0.6108910220835634,0.9177489177489178,smote
severity,svm,2,21520,2391,230,0.48426150121065376,0.8695652173913043,0.6220839813374806,0.9509003480675209,0.6834960074040698,0.6013916068675889,0.9,smote
severity,svm,3,21520,2391,230,0.47073170731707314,0.8391304347826087,0.603125,0.9504104380017304,0.700813238313932,0.577874382185274,0.8826086956521739,smote
severity,svm,4,21520,2391,230,0.4649532710280374,0.8652173913043478,0.6048632218844985,0.9569422368871094,0.7266959101645429,0.5839731576923319,0.8869565217391304,smote
severity,svm,5,21520,2391,230,0.4419642857142857,0.8608695652173913,0.584070796460177,0.9504919220167797,0.7076741125580231,0.5630908541208058,0.8869565217391304,smote
severity,svm,6,21520,2391,230,0.4975124378109453,0.8695652173913043,0.6329113924050633,0.9586705027865521,0.7019308768128605,0.6118894377339644,0.9130434782608695,smote
severity,svm,7,21520,2391,231,0.5139240506329114,0.8787878787878788,0.6485623003194888,0.9621131954465288,0.7294488037846658,0.6283847079030819,0.9307359307359307,smote
severity,svm,8,21520,2391,231,0.4951923076923077,0.8917748917748918,0.6367851622874807,0.9608445566778901,0.7423655117036929,0.6191920068043153,0.9090909090909091,smote
severity,svm,9,21520,2391,231,0.46318289786223277,0.8441558441558441,0.598159509202454,0.9532838303671638,0.7135623404323789,0.5736041409006767,0.8701298701298701,smote
severity,svm,10,21520,2391,231,0.45353982300884954,0.8874458874458875,0.6002928257686676,0.9580477392977393,0.7117258490550019,0.5833202675060445,0.8961038961038961,smote
szz,logistic_regression,1,21519,2392,30,0.07773851590106007,0.7333333333333333,0.14057507987220447,0.9229607677109795,0.1837902041163461,0.21460567838207428,0.9,smote
szz,logistic_regression,2,21520,2391,29,0.0782312925170068,0.7931034482758621,0.14241486068111456,0.9061140471254635,0.1767171284769742,0.2261167884175467,0.8620689655172413,smote
szz,logistic_regression,3,21520,2391,29,0.06624605678233439,0.7241379310344828,0.12138728323699421,0.9222605039563199,0.19636195595962583,0.19328650267946984,0.8620689655172413,smote
szz,logistic_regression,4,21520,2391,29,0.07641196013289037,0.7931034482758621,0.1393939393939394,0.9204940290227452,0.15588783564361455,0.22286806522102096,0.8620689655172413,smote
szz,logistic_regression,5,21520,2391,30,0.0683453237410072,0.6333333333333333,0.12337662337662338,0.9108146265706621,0.219986031109633,0.1818295050591753,0.8333333333333334,smote
szz,logistic_regression,6,21520,2391,30,0.06405693950177936,0.6,0.1157556270096463,0.8694903289566568,0.1647029964422797,0.16887816198073524,0.7333333333333333,smote
szz,logistic_regression,7,21520,2391,30,0.05704697986577181,0.5666666666666667,0.10365853658536585,0.8754341380770859,0.18217985934963243,0.15085294238886826,0.7333333333333333,smote
szz,logistic_regression,8,21520,2391,30,0.08235294117647059,0.7,0.14736842105263157,0.904306084992235,0.20114433919464592,0.21668681603216455,0.8333333333333334,smote
szz,logistic_regression,9,21520,2391,30,0.0626865671641791,0.7,0.11506849315068493,0.912014683043908,0.20082826120854116,0.1818284926775406,0.8666666666666667,smote
szz,logistic_regression,10,21520,2391,30,0.06547619047619048,0.7333333333333333,0.12021857923497267,0.894578568403219,0.13737630851301544,0.1922779620685528,0.8666666666666667,smote
szz,decision_tree,1,21519,2392,30,0.13043478260869565,0.3,0.18181818181818182,0.6372988992379339,0.047909698996655516,0.1825780123512775,0.4,smote
szz,decision_tree,2,21520,2391,29,0.14285714285714285,0.27586206896551724,0.18823529411764706,0.6277701538731059,0.048191803005111535,0.1849527968599077,0.3793103448275862,smote
szz,decision_tree,3,21520,2391,29,0.11267605633802817,0.27586206896551724,0.16,0.6245948786825893,0.039865986034321274,0.16069263268137363,0.3793103448275862,smote
szz,decision_tree,4,21520,2391,29,0.10344827586206896,0.20689655172413793,0.13793103448275862,0.5924406552016117,0.031022497663901145,0.13154083370499892,0.27586206896551724,smote
szz,decision_tree,5,21520,2391,30,0.14814814814814814,0.26666666666666666,0.19047619047619047,0.6235916984328673,0.048707343897640844,0.18518324111309606,0.4,smote
szz,decision_tree,6,21520,2391,30,0.09433962264150944,0.16666666666666666,0.12048192771084337,0.573168149089369,0.026179146642677335,0.11063702706897081,0.3,smote
szz,decision_tree,7,21520,2391,30,0.1864406779661017,0.36666666666666664,0.24719101123595505,0.673168149089369,0.07630804783474754,0.2484942550480017,0.43333333333333335,smote
szz,decision_tree,8,21520,2391,30,0.15625,0.3333333333333333,0.2127659574468085,0.6552308343922066,0.06044803429527394,0.21410579881227593,0.5,smote
szz,decision_tree,9,21520,2391,30,0.13333333333333333,0.2,0.16,0.591740787801779,0.0367043078209954,0.15029025488595746,0.3333333333333333,smote
szz,decision_tree,10,21520,2391,30,0.1076923076923077,0.23333333333333334,0.14736842105263157,0.6043837357052098,0.03474761123443683,0.14289265920961408,0.36666666666666664,smote
szz,random_forest,1,21519,2392,30,0.30434782608695654,0.4666666666666667,0.3684210526315789,0.9453288173863957,0.3608870128502788,0.36717217369331784,0.8666666666666667,smote
szz,random_forest,2,21520,2391,29,0.23333333333333334,0.2413793103448276,0.23728813559322035,0.8927486933925077,0.1931072742255195,0.22779660921253633,0.7931034482758621,smote
szz,random_forest,3,21520,2391,29,0.2631578947368421,0.3448275862068966,0.29850746268656714,0.9583053519810798,0.2366055371093192,0.2914375429600299,0.9655172413793104,smote
szz,random_forest,4,21520,2391,29,0.15151515151515152,0.1724137931034483,0.16129032258064516,0.9373923326228504,0.14308459244100635,0.15064193981088136,0.9655172413793104,smote
szz,random_forest,5,21520,2391,30,0.37037037037037035,0.3333333333333333,0.3508771929824561,0.9447268106734434,0.29173629547907726,0.3435561607229936,0.9666666666666667,smote
szz,random_forest,6,21520,2391,30,0.21052631578947367,0.26666666666666666,0.23529411764705882,0.9437244105604969,0.15896546880555668,0.22603281622624335,0.9333333333333333,smote
szz,random_forest,7,21520,2391,30,0.32432432432432434,0.4,0.3582089552238806,0.914845404489623,0.3160263986341163,0.35116646995517503,0.9,smote
szz,random_forest,8,21520,2391,30,0.26666666666666666,0.26666666666666666,0.26666666666666666,0.9297402230693209,0.2891377262499051,0.25734858110969927,0.9,smote
szz,random_forest,9,21520,2391,30,0.25806451612903225,0.26666666666666666,0.26229508196721313,0.9469222081039108,0.2139793299255357,0.25280065298320176,0.9666666666666667,smote
szz,random_forest,10,21520,2391,30,0.14285714285714285,0.26666666666666666,0.18604651162790697,0.948284625158831,0.16281217305375892,0.1813007395803914,1.0,smote
szz,xgboost,1,21519,2392,30,0.32432432432432434,0.4,0.3582089552238806,0.9363392605136889,0.3007569637334208,0.3511702915741029,0.8666666666666667,smote
szz,xgboost,2,21520,2391,29,0.28,0.2413793103448276,0.25925925925925924,0.9180414026686912,0.16130029709625443,0.25155286116662795,0.7931034482758621,smote
szz,xgboost,3,21520,2391,29,0.23255813953488372,0.3448275862068966,0.2777777777777778,0.9509766708517037,0.229297836086214,0.27251799128508436,0.9655172413793104,smote
szz,xgboost,4,21520,2391,29,0.21875,0.2413793103448276,0.22950819672131148,0.9488306227919063,0.1982605742135755,0.21985001230630505,0.9655172413793104,smote
szz,xgboost,5,21520,2391,30,0.375,0.4,0.3870967741935484,0.9344910348722293,0.2877349890494367,0.3792570049405076,0.9333333333333333,smote
szz,xgboost,6,21520,2391,30,0.2553191489361702,0.4,0.3116883116883117,0.9260765212480587,0.21484686515451537,0.30884448532122455,0.9,smote
szz,xgboost,7,21520,2391,30,0.2894736842105263,0.36666666666666664,0.3235294117647059,0.9297472822250459,0.31494846537842336,0.3161669829368751,0.9,smote
szz,xgboost,8,21520,2391,30,0.3,0.3,0.3,0.9274812932373289,0.2628794627559205,0.2911054637865311,0.9,smote
szz,xgboost,9,21520,2391,30,0.3103448275862069,0.3,0.3050847457627119,0.9474798814061838,0.23399912207462426,0.29645000211947203,0.9,smote
szz,xgboost,10,21520,2391,30,0.1509433962264151,0.26666666666666666,0.1927710843373494,0.9422137512353522,0.17418938491394537,0.18720233292191127,0.9333333333333333,smote
szz,lightgbm,1,21519,2392,30,0.3548387096774194,0.36666666666666664,0.36065573770491804,0.9331216483206322,0.2923965822683739,0.35244911575245097,0.8666666666666667,smote
szz,lightgbm,2,21520,2391,29,0.2857142857142857,0.20689655172413793,0.24,0.8996175070804987,0.184188213750984,0.23527139755896304,0.8620689655172413,smote
szz,lightgbm,3,21520,2391,29,0.26666666666666666,0.27586206896551724,0.2711864406779661,0.9547724021139302,0.22370182981971778,0.26212330566600417,0.9655172413793104,smote
szz,lightgbm,4,21520,2391,29,0.20833333333333334,0.1724137931034483,0.18867924528301888,0.9537942713655874,0.17080152229947557,0.1804912379682355,0.9655172413793104,smote
szz,lightgbm,5,21520,2391,30,0.391304347826087,0.3,0.33962264150943394,0.9224763518283213,0.27088986997752024,0.33535519009027787,0.9333333333333333,smote
szz,lightgbm,6,21520,2391,30,0.3142857142857143,0.36666666666666664,0.3384615384615385,0.9420584498094029,0.2456301781636433,0.33040628185933935,0.9666666666666667,smote
szz,lightgbm,7,21520,2391,30,0.42857142857142855,0.3,0.35294117647058826,0.9198079909642807,0.3522728268182604,0.3518237947938724,0.8666666666666667,smote
szz,lightgbm,8,21520,2391,30,0.38095238095238093,0.26666666666666666,0.3137254901960784,0.9231963857122688,0.24275399349675827,0.31155328431696355,0.9,smote
szz,lightgbm,9,21520,2391,30,0.36363636363636365,0.26666666666666666,0.3076923076923077,0.948284625158831,0.2297904710801259,0.303960656759497,0.9333333333333333,smote
szz,lightgbm,10,21520,2391,30,0.1935483870967742,0.2,0.19672131147540983,0.9470280954397855,0.17146758739940318,0.1863706759216746,0.9333333333333333,smote
szz,svm,1,21519,2392,30,0.08695652173913043,0.8,0.1568627450980392,0.9098504092576912,0.2005933708210705,0.2414994453575713,0.8333333333333334,smote
szz,svm,2,21520,2391,29,0.06506849315068493,0.6551724137931034,0.11838006230529595,0.8850039417209261,0.10245589012937201,0.18038778347381337,0.7241379310344828,smote
szz,svm,3,21520,2391,29,0.058823529411764705,0.6206896551724138,0.10746268656716418,0.8690910683523606,0.1212336157599152,0.16342407094538233,0.7931034482758621,smote
szz,svm,4,21520,2391,29,0.07746478873239436,0.7586206896551724,0.14057507987220447,0.8901719758241117,0.10446644369776377,0.21913910896903468,0.8620689655172413,smote
szz,svm,5,21520,2391,30,0.06569343065693431,0.6,0.11842105263157894,0.8866581956797966,0.1469205345596001,0.1717748150582639,0.7,smote
szz,svm,6,21520,2391,30,0.06944444444444445,0.6666666666666666,0.12578616352201258,0.8450374135253425,0.09142708158329127,0.18916462793391497,0.8,smote
szz,svm,7,21520,2391,30,0.0683453237410072,0.6333333333333333,0.12337662337662338,0.8772271636312298,0.11229846574828649,0.1818295050591753,0.7666666666666667,smote
szz,svm,8,21520,2391,30,0.07581227436823104,0.7,0.13680781758957655,0.9310602851898913,0.25101744739120985,0.2057422054562635,0.8666666666666667,smote
szz,svm,9,21520,2391,30,0.07301587301587302,0.7666666666666667,0.13333333333333333,0.9070591557249753,0.17488328416692864,0.21161383732963718,0.8666666666666667,smote
szz,svm,10,21520,2391,30,0.06501547987616099,0.7,0.11898016997167139,0.905449668219681,0.12179134150746594,0.1862923431908616,0.8333333333333334,smote
