variant,model,metric,mean,ci_low,ci_high,n
consequence,decision_tree,precision,0.5080949304233701,0.4974671656165379,0.5182043830523145,10
consequence,decision_tree,recall,0.49474800339303143,0.4773845849138138,0.5129871480930203,10
consequence,decision_tree,f1,0.5010644196232608,0.48865997438383735,0.5145366021374493,10
consequence,decision_tree,roc_auc,0.7055620540805654,0.6974557946189018,0.7145825830257775,10
consequence,decision_tree,pr_auc,0.3269262298735594,0.3171778788683457,0.33774460427834907,10
consequence,decision_tree,mcc,0.41621735903862456,0.4024564313448033,0.4310959101740649,10
consequence,decision_tree,ce_at_20,0.5213552920087707,0.5049519053792353,0.5397118524031306,10
consequence,lightgbm,precision,0.5086328232951237,0.49820062089965544,0.5187069239149088,10
consequence,lightgbm,recall,0.748926073526352,0.7380315615947248,0.7591812310942527,10
consequence,lightgbm,f1,0.6056280201705181,0.597084375353565,0.6139915268760868,10
consequence,lightgbm,roc_auc,0.9086727582644463,0.9055430525032654,0.911438167513696,10
consequence,lightgbm,pr_auc,0.6857412490878032,0.6743435749693829,0.6971610726072901,10
consequence,lightgbm,mcc,0.5361033621253848,0.5259117569660311,0.5460875052860554,10
consequence,lightgbm,ce_at_20,0.7240217025975897,0.712330148365103,0.7341624653894784,10
consequence,logistic_regression,precision,0.363465309791311,0.3578640880211586,0.36848259220389895,10
consequence,logistic_regression,recall,0.7390254637409772,0.7254402938493302,0.7531230494070198,10
consequence,logistic_regression,f1,0.4871637193797368,0.48065216654921666,0.4931105488193869,10
consequence,logistic_regression,roc_auc,0.8352182543515176,0.8292748048309387,0.8417910374552684,10
consequence,logistic_regression,pr_auc,0.5166074041883444,0.5012574108692552,0.5324155428424604,10
consequence,logistic_regression,mcc,0.3983102436529554,0.3895164578489029,0.40681667850266406,10
consequence,logistic_regression,ce_at_20,0.5938293241145309,0.579796258062451,0.6091739888926233,10
consequence,random_forest,precision,0.7835250418426636,0.7686052608270184,0.7989084851017992,10
consequence,random_forest,recall,0.4288079576191162,0.41193634864998957,0.4424361405867383,10
consequence,random_forest,f1,0.5538889605839774,0.5372865136797246,0.5676552305037982,10
consequence,random_forest,roc_auc,0.9151826626157478,0.9118510966008372,0.9185646893948205,10
consequence,random_forest,pr_auc,0.703209404150625,0.6922364991696839,0.7140075703520811,10
consequence,random_forest,mcc,0.5312347920408717,0.515435240800229,0.5452116990875622,10
consequence,random_forest,ce_at_20,0.745528240585138,0.7334277620396602,0.7568597653686719,10
consequence,svm,precision,0.6325239252339188,0.6131268165536635,0.6510365077215648,10
consequence,svm,recall,0.3093740497111122,0.29520974376210374,0.32354475760631235,10
consequence,svm,f1,0.41522948290769185,0.39893577311951894,0.4311043288344663,10
consequence,svm,roc_auc,0.8407441884552845,0.8346183880687936,0.846882395791978,10
consequence,svm,pr_auc,0.5135064605656335,0.5020943972735117,0.5248096260533819,10
consequence,svm,mcc,0.3811577507051133,0.36403053138474306,0.39757925063291144,10
consequence,svm,ce_at_20,0.6023223059810181,0.5883841887933932,0.6173244666378579,10
consequence,xgboost,precision,0.742298602872523,0.7264171047952349,0.7590995463364254,10
consequence,xgboost,recall,0.46730366031273507,0.45488378467053986,0.4804717234039148,10
consequence,xgboost,f1,0.5731021628765142,0.5621696415220518,0.5841743250648087,10
consequence,xgboost,roc_auc,0.9110681592747463,0.907459601198901,0.913946525840084,10
consequence,xgboost,pr_auc,0.6951999557455427,0.6846842514314839,0.7054055560295197,10
consequence,xgboost,mcc,0.5362949806636094,0.5246522270237901,0.5480665881035277,10
consequence,xgboost,ce_at_20,0.7356276307997631,0.725359709351643,0.744057393447608,10
severity,decision_tree,precision,0.6562052777026781,0.6334041818803234,0.6779982576434531,10
severity,decision_tree,recall,0.6273291925465838,0.6097743741765481,0.6458652362130622,10
severity,decision_tree,f1,0.6411080407473531,0.6228626870581662,0.6590808571896155,10
severity,decision_tree,roc_auc,0.7960538686437652,0.7866289139160495,0.8056486038205105,10
severity,decision_tree,pr_auc,0.4482416752362348,0.4266695545985038,0.47073674029868817,10
severity,decision_tree,mcc,0.6041181659879051,0.5838958834473814,0.6240253425211231,10
severity,decision_tree,ce_at_20,0.6741671372106154,0.6533195934500283,0.6930911443628835,10
severity,lightgbm,precision,0.6198217057381613,0.6059323933889412,0.6319554706983664,10
severity,lightgbm,recall,0.8485827216261999,0.835049642386599,0.8620967908902691,10
severity,lightgbm,f1,0.7162056266550492,0.7031626923074059,0.7264840192591451,10
severity,lightgbm,roc_auc,0.9755555391965585,0.9733221489674038,0.9773331475734341,10
severity,lightgbm,pr_auc,0.8196399113904855,0.8076072208044683,0.8282706937942699,10
severity,lightgbm,mcc,0.6914243183009507,0.6773338274876638,0.7027740321886257,10
severity,lightgbm,ce_at_20,0.9626858648597778,0.9535757575757574,0.9718106531150008,10
severity,logistic_regression,precision,0.5204371869838644,0.5078887671504305,0.5319913868210957,10
severity,logistic_regression,recall,0.8689535102578582,0.855019715791455,0.8825145868624128,10
severity,logistic_regression,f1,0.6508362676909382,0.6382108976715719,0.6625849113423035,10
severity,logistic_regression,roc_auc,0.9617743347947931,0.9584764804407235,0.9649429878002552,10
severity,logistic_regression,pr_auc,0.7575429219979621,0.7466701710824116,0.7672867474155333,10
severity,logistic_regression,mcc,0.6291606357142469,0.615043535745425,0.6419252484991564,10
severity,logistic_regression,ce_at_20,0.924061735366083,0.9105684170901561,0.9362544701675137,10
severity,random_forest,precision,0.8064076644094704,0.7918472633034489,0.8208059039648612,10
severity,random_forest,recall,0.5800414078674948,0.5677165913796349,0.5937544701675136,10
severity,random_forest,f1,0.6742545772983101,0.6661945902826306,0.6820662691612709,10
severity,random_forest,roc_auc,0.9743056369775541,0.9713592398232527,0.9764884941557865,10
severity,random_forest,pr_auc,0.8066578684772857,0.79301044394727,0.8169288768084431,10
severity,random_forest,mcc,0.6563834821420133,0.6480536413641875,0.6638373980011385,10
severity,random_forest,ce_at_20,0.9683173348390739,0.9552512704686617,0.9778920101637493,10
severity,svm,precision,0.7247830638752789,0.7113794833406465,0.7386910220536438,10
severity,svm,recall,0.5153867871259175,0.4960434312064747,0.5324997647280256,10
severity,svm,f1,0.6020596438084858,0.585968004403233,0.6176829473389955,10
severity,svm,roc_auc,0.9594545267560143,0.9571334075567279,0.9616928873961551,10
severity,svm,pr_auc,0.7216789346729751,0.710086537810036,0.733197267662824,10
severity,svm,mcc,0.5774492784456954,0.5612546660922347,0.5928974630033468,10
severity,svm,ce_at_20,0.9175588179936007,0.9054150197628458,0.9293281573498965,10
severity,xgboost,precision,0.784935868100565,0.7657278216995396,0.7998865086541171,10
severity,xgboost,recall,0.6498720120459252,0.6358159232072277,0.6654734142668924,10
severity,xgboost,f1,0.7107496846733502,0.6974175535610789,0.724554780107219,10
severity,xgboost,roc_auc,0.9761159582412071,0.9739605763289453,0.9778895410327251,10
severity,xgboost,pr_auc,0.8201966141014946,0.8074151187986672,0.830181431138549,10
severity,xgboost,mcc,0.6869060675277779,0.6721422879570026,0.701052423505469,10
severity,xgboost,ce_at_20,0.9683154526632787,0.9578900338791643,0.9774440052700921,10
szz,decision_tree,precision,0.24265513736270328,0.212250626307013,0.2720861805103992,10
szz,decision_tree,recall,0.23183908045977014,0.20034195402298852,0.26334770114942513,10
szz,decision_tree,f1,0.23521338837082725,0.20667440832306544,0.26463611366756923,10
szz,decision_tree,roc_auc,0.6112866904457303,0.5959645778897151,0.6272340732031997,10
szz,decision_tree,pr_auc,0.06754776905065676,0.05473904020035149,0.08118387326610235,10
szz,decision_tree,mcc,0.22682251828420638,0.19834392851324614,0.25584650743081755,10
szz,decision_tree,ce_at_20,0.35977011494252875,0.3260919540229885,0.4,10
szz,lightgbm,precision,0.3522869269894442,0.2907531678477045,0.41749996576226545,10
szz,lightgbm,recall,0.30586206896551726,0.2470057471264368,0.3613793103448276,10
szz,lightgbm,f1,0.3237680386150944,0.2687113866783005,0.3764691596865973,10
szz,lightgbm,roc_auc,0.9355459107977719,0.9238619539113166,0.9461383323391072,10
szz,lightgbm,pr_auc,0.26397147612252275,0.22083911662719283,0.3031762267346411,10
szz,lightgbm,mcc,0.3185472710462246,0.260941820867124,0.3726994101454531,10
szz,lightgbm,ce_at_20,0.9159770114942528,0.8793103448275861,0.9524137931034483,10
szz,logistic_regression,precision,0.05783277333765261,0.05530078505426919,0.060030989917569576,10
szz,logistic_regression,recall,0.825287356321839,0.7749425287356322,0.875057471264368,10
szz,logistic_regression,f1,0.10806521661751407,0.10339701439191505,0.11225687471525153,10
szz,logistic_regression,roc_auc,0.9234065945042005,0.9116007375211085,0.9353290408579663,10
szz,logistic_regression,pr_auc,0.21338788818826432,0.18844474955669804,0.24040385120878954,10
szz,logistic_regression,mcc,0.19028869350532224,0.17813476831173733,0.20137061999086908,10
szz,logistic_regression,ce_at_20,0.852183908045977,0.8094252873563219,0.8932183908045976,10
szz,random_forest,precision,0.5041666666666667,0.3416666666666667,0.6625,10
szz,random_forest,recall,0.056896551724137934,0.030229885057471262,0.09011494252873561,10
szz,random_forest,f1,0.09820702152857849,0.05574047819274337,0.14848426606648724,10
szz,random_forest,roc_auc,0.933172057760115,0.9195968646856411,0.9464692558149983,10
szz,random_forest,pr_auc,0.2801246961894123,0.2342172735201723,0.32382700335393894,10
szz,random_forest,mcc,0.15734933486438835,0.10160034197124015,0.2151260560800458,10
szz,random_forest,ce_at_20,0.9426436781609195,0.9155172413793105,0.9695402298850574,10
szz,svm,precision,0.35,0.11666666666666665,0.6166666666666666,10
szz,svm,recall,0.027126436781609198,0.01,0.046902298850574634,10
szz,svm,f1,0.04963343108504399,0.018560606060606062,0.0814855205278591,10
szz,svm,roc_auc,0.9099317449575454,0.8970308272747209,0.9216381040980876,10
szz,svm,pr_auc,0.18438514671761638,0.15423799053190718,0.21639896163745007,10
szz,svm,mcc,0.09260816087380096,0.034223245136983146,0.15543031200350182,10
szz,svm,ce_at_20,0.8588505747126437,0.8288505747126436,0.8859770114942528,10
szz,xgboost,precision,0.4674825174825175,0.3383158508158508,0.5772727272727273,10
szz,xgboost,recall,0.12045977011494254,0.07436781609195402,0.16701149425287357,10
szz,xgboost,f1,0.1863796286339723,0.11966192259060837,0.2506682176080555,10
szz,xgboost,roc_auc,0.9459513855779452,0.9387005186903725,0.9528857404990462,10
szz,xgboost,pr_auc,0.27587381267626765,0.22602205810676232,0.32251608543122995,10
szz,xgboost,mcc,0.22755940814533995,0.15449419521149252,0.2935311331184966,10
szz,xgboost,ce_at_20,0.9190804597701149,0.8873563218390805,0.949655172413793,10
