variant,model,fold,n_train,n_test,n_pos_test,precision,recall,f1,roc_auc,pr_auc,mcc,ce_at_20
consequence,logistic_regression,1,21519,2392,354,0.3733528550512445,0.7203389830508474,0.4918032786885246,0.8455420457632662,0.5244641443043654,0.4012109063502428,0.6129943502824858
consequence,logistic_regression,2,21520,2391,354,0.3603723404255319,0.7655367231638418,0.49005424954792043,0.8370602886154169,0.5074796765694188,0.404936491844966,0.6016949152542372
consequence,logistic_regression,3,21520,2391,354,0.3651226158038147,0.7570621468926554,0.49264705882352944,0.8367919478351071,0.5063037930083948,0.4067839679321419,0.5790960451977402
consequence,logistic_regression,4,21520,2391,353,0.3635097493036212,0.7393767705382436,0.48739495798319327,0.8214630240723702,0.5057762528847957,0.39865963448138336,0.5694050991501416
consequence,logistic_regression,5,21520,2391,353,0.35966149506346967,0.7223796033994334,0.480225988700565,0.8271092861690209,0.46870205822347066,0.38804880508423506,0.5609065155807366
consequence,logistic_regression,6,21520,2391,353,0.36425648021828105,0.7563739376770539,0.49171270718232046,0.8495873029993857,0.5653345470401775,0.4060199967431159,0.6317280453257791
consequence,logistic_regression,7,21520,2391,353,0.37756497948016415,0.7818696883852692,0.5092250922509225,0.8526898281101009,0.5340126137120287,0.4301170454476639,0.6345609065155807
consequence,logistic_regression,8,21520,2391,353,0.34710743801652894,0.7138810198300283,0.46709916589434664,0.8265032373570712,0.5169540080855659,0.37130425608219475,0.5779036827195467
consequence,logistic_regression,9,21520,2391,353,0.3709677419354839,0.71671388101983,0.4888888888888889,0.8297948052164679,0.5026485622517177,0.39770390268831285,0.5807365439093485
consequence,logistic_regression,10,21520,2391,353,0.36363636363636365,0.7138810198300283,0.4818355640535373,0.8278362667393184,0.5430152312372272,0.38899179060097233,0.5977337110481586
consequence,decision_tree,1,21519,2392,354,0.3806734992679356,0.7344632768361582,0.5014464802314368,0.8441809018479399,0.5121462691049151,0.4142439567767998,0.6186440677966102
consequence,decision_tree,2,21520,2391,354,0.3795811518324607,0.8192090395480226,0.518783542039356,0.8596813470568494,0.563075522010115,0.44671959056390487,0.6468926553672316
consequence,decision_tree,3,21520,2391,354,0.3991291727140784,0.7768361581920904,0.5273250239693192,0.8627960415921277,0.5774234684603633,0.44979429833932305,0.6638418079096046
consequence,decision_tree,4,21520,2391,353,0.37083333333333335,0.7563739376770539,0.4976700838769804,0.8477448312098457,0.5742318075309154,0.4130049597667547,0.6090651558073654
consequence,decision_tree,5,21520,2391,353,0.38288288288288286,0.7223796033994334,0.5004906771344455,0.8304703550389624,0.519761539789007,0.4120546140910295,0.6090651558073654
consequence,decision_tree,6,21520,2391,353,0.4116766467065868,0.7790368271954674,0.5386875612144956,0.8569676153091266,0.5941027886183363,0.46345216487254837,0.6543909348441926
consequence,decision_tree,7,21520,2391,353,0.3879310344827586,0.7648725212464589,0.5147759771210677,0.8506812489053591,0.5561624675968264,0.434063174173405,0.6402266288951841
consequence,decision_tree,8,21520,2391,353,0.4059561128526646,0.7337110481586402,0.5227043390514632,0.8416294372920183,0.5411207130157125,0.43930495575182904,0.6515580736543909
consequence,decision_tree,9,21520,2391,353,0.38603988603988604,0.7677053824362606,0.5137440758293839,0.8487275754989476,0.546430546657778,0.43326681287105173,0.6345609065155807
consequence,decision_tree,10,21520,2391,353,0.3911764705882353,0.7535410764872521,0.5150048402710552,0.8506152229453416,0.5755031417989104,0.43280173467687316,0.6317280453257791
consequence,random_forest,1,21519,2392,354,0.7377777777777778,0.4689265536723164,0.5734024179620034,0.9185281903716395,0.7016889126103136,0.535195666332635,0.7711864406779662
consequence,random_forest,2,21520,2391,354,0.7016129032258065,0.4915254237288136,0.5780730897009967,0.9143653151166693,0.7052935207777944,0.5302248509650513,0.7627118644067796
consequence,random_forest,3,21520,2391,354,0.7125,0.4830508474576271,0.5757575757575758,0.9142266377108244,0.6955256751688481,0.5308713857573589,0.768361581920904
consequence,random_forest,4,21520,2391,353,0.7702702702702703,0.48441926345609065,0.5947826086956521,0.9166780184983889,0.7061256743347933,0.5615251179517735,0.7308781869688386
consequence,random_forest,5,21520,2391,353,0.7246376811594203,0.42492917847025496,0.5357142857142857,0.9085283300019183,0.6629074215065279,0.5007550482592185,0.7280453257790368
consequence,random_forest,6,21520,2391,353,0.7699115044247787,0.49291784702549574,0.6010362694300518,0.9233515055308904,0.7312827660786864,0.5667577010440857,0.7450424929178471
consequence,random_forest,7,21520,2391,353,0.725,0.49291784702549574,0.5868465430016864,0.9189493115229895,0.6998614284404349,0.5436564178495621,0.7450424929178471
consequence,random_forest,8,21520,2391,353,0.7476635514018691,0.45325779036827196,0.564373897707231,0.9083615275766109,0.6760535041495638,0.5303203523103562,0.71671388101983
consequence,random_forest,9,21520,2391,353,0.7763157894736842,0.5014164305949008,0.6092943201376936,0.9213964421042683,0.726364597831793,0.5753844556394719,0.7422096317280453
consequence,random_forest,10,21520,2391,353,0.7545454545454545,0.4702549575070821,0.5794066317626527,0.9107044066420725,0.6976396518435387,0.5446214847411617,0.7365439093484419
consequence,xgboost,1,21519,2392,354,0.7521367521367521,0.4971751412429379,0.5986394557823129,0.923296352356082,0.7195412394381729,0.5602472428515781,0.7457627118644068
consequence,xgboost,2,21520,2391,354,0.7242647058823529,0.556497175141243,0.6293929712460063,0.9174945707795612,0.7334459661772562,0.5812752313024385,0.751412429378531
consequence,xgboost,3,21520,2391,354,0.748,0.5282485875706214,0.6192052980132451,0.9188945191915663,0.7186770082557686,0.5772386331657978,0.7627118644067796
consequence,xgboost,4,21520,2391,353,0.7543859649122807,0.48725212464589235,0.5920826161790017,0.9226870758700833,0.7168041181495357,0.555313666205527,0.7620396600566572
consequence,xgboost,5,21520,2391,353,0.7431192660550459,0.45892351274787535,0.5674255691768827,0.9164173897088463,0.6984853160539789,0.5316886261766576,0.7507082152974505
consequence,xgboost,6,21520,2391,353,0.7754237288135594,0.5184135977337111,0.6213921901528013,0.9260453646996027,0.7362722163880794,0.5856452805314449,0.7535410764872521
consequence,xgboost,7,21520,2391,353,0.732,0.5184135977337111,0.6069651741293532,0.9187658288551515,0.7165531283103427,0.5629042596448021,0.7507082152974505
consequence,xgboost,8,21520,2391,353,0.7312775330396476,0.4702549575070821,0.5724137931034483,0.9038161614869881,0.6719027943358282,0.5328683185791088,0.7082152974504249
consequence,xgboost,9,21520,2391,353,0.7875,0.5354107648725213,0.6374367622259697,0.9208126336156929,0.7379355827511075,0.6025076508978925,0.7507082152974505
consequence,xgboost,10,21520,2391,353,0.7747747747747747,0.48725212464589235,0.5982608695652174,0.9120680164689595,0.7116404523657694,0.5655875290533717,0.7195467422096318
consequence,lightgbm,1,21519,2392,354,0.6297297297297297,0.6581920903954802,0.643646408839779,0.9199267588141691,0.7190720935782343,0.5803329380280599,0.7570621468926554
consequence,lightgbm,2,21520,2391,354,0.6108374384236454,0.7005649717514124,0.6526315789473685,0.91273654898502,0.728611047743779,0.5893073633851154,0.7429378531073446
consequence,lightgbm,3,21520,2391,354,0.6344086021505376,0.6666666666666666,0.650137741046832,0.917213749032725,0.7094733679645566,0.5878109783780823,0.7627118644067796
consequence,lightgbm,4,21520,2391,353,0.6276595744680851,0.6685552407932012,0.6474622770919067,0.921338756265516,0.715297707237643,0.5845319011308645,0.7507082152974505
consequence,lightgbm,5,21520,2391,353,0.6216216216216216,0.6515580736543909,0.636237897648686,0.915354719257618,0.6892090382550702,0.571705164989692,0.7337110481586402
consequence,lightgbm,6,21520,2391,353,0.6685393258426966,0.6742209631728046,0.6713681241184767,0.923352200540996,0.7357507597811783,0.6141709147339334,0.7620396600566572
consequence,lightgbm,7,21520,2391,353,0.6246786632390745,0.6883852691218131,0.6549865229110512,0.9201210985607732,0.7177219330132785,0.5927741189890351,0.7422096317280453
consequence,lightgbm,8,21520,2391,353,0.5977653631284916,0.6062322946175638,0.6019690576652602,0.9033769151003456,0.6733718440242802,0.5324751736397079,0.7110481586402266
consequence,lightgbm,9,21520,2391,353,0.6421052631578947,0.6912181303116147,0.6657571623465212,0.9190403578468032,0.7263261405377205,0.6059186823883425,0.7563739376770539
consequence,lightgbm,10,21520,2391,353,0.6264044943820225,0.6317280453257791,0.6290550070521862,0.9088153691754677,0.7011371333319593,0.5644917612642284,0.7450424929178471
severity,logistic_regression,1,21519,2392,231,0.5241730279898219,0.8917748917748918,0.6602564102564102,0.9654240561228068,0.7792942272811992,0.6418839489552385,0.9264069264069265
severity,logistic_regression,2,21520,2391,230,0.5195822454308094,0.8652173913043478,0.6492659053833605,0.9589481520230168,0.7240814364615237,0.6271111769934289,0.9217391304347826
severity,logistic_regression,3,21520,2391,230,0.5376344086021505,0.8695652173913043,0.6644518272425249,0.9585236303643644,0.7435361051847097,0.6426338683524591,0.908695652173913
severity,logistic_regression,4,21520,2391,230,0.5052356020942408,0.8391304347826087,0.630718954248366,0.9578798060479247,0.7665895819258289,0.6049192480588794,0.9217391304347826
severity,logistic_regression,5,21520,2391,230,0.48120300751879697,0.8347826086956521,0.6104928457869634,0.9543448081604733,0.7441838109780846,0.5843874447721855,0.8782608695652174
severity,logistic_regression,6,21520,2391,230,0.536,0.8739130434782608,0.6644628099173554,0.9682755568074362,0.7636596928613784,0.6433091583857575,0.9521739130434783
severity,logistic_regression,7,21520,2391,231,0.5459459459459459,0.8744588744588745,0.6722129783693843,0.9662518037518038,0.7726672197365831,0.6507787437980562,0.9437229437229437
severity,logistic_regression,8,21520,2391,231,0.5430809399477807,0.9004329004329005,0.6775244299674267,0.9682659932659934,0.7787595687864929,0.6600171287434781,0.948051948051948
severity,logistic_regression,9,21520,2391,231,0.5134408602150538,0.8268398268398268,0.6334991708126037,0.953152557319224,0.7554311759126517,0.6056301582544386,0.9090909090909091
severity,logistic_regression,10,21520,2391,231,0.4963680387409201,0.8874458874458875,0.6366459627329193,0.9644881353214686,0.7579816799585927,0.6183057767102773,0.9307359307359307
severity,decision_tree,1,21519,2392,231,0.4507042253521127,0.9696969696969697,0.6153846153846154,0.9668263249938401,0.7745867306504297,0.6139979943555054,0.9653679653679653
severity,decision_tree,2,21520,2391,230,0.42314990512333966,0.9695652173913043,0.5891677675033025,0.9585809709675472,0.7495279118649866,0.5896030652457747,0.9347826086956522
severity,decision_tree,3,21520,2391,230,0.452991452991453,0.9217391304347826,0.6074498567335244,0.9555710922881919,0.7608767612104212,0.5969572489151992,0.9260869565217391
severity,decision_tree,4,21520,2391,230,0.4397590361445783,0.9521739130434783,0.6016483516483516,0.9692272096251735,0.7794161174329863,0.5976356859104995,0.9434782608695652
severity,decision_tree,5,21520,2391,230,0.4234592445328032,0.9260869565217391,0.5811732605729877,0.9529253767378226,0.7041622582478443,0.5728897829347663,0.9173913043478261
severity,decision_tree,6,21520,2391,230,0.4704641350210971,0.9695652173913043,0.6335227272727273,0.9727390700762529,0.7879532586724614,0.6311774755438971,0.9739130434782609
severity,decision_tree,7,21520,2391,231,0.4539877300613497,0.961038961038961,0.6166666666666667,0.9685736331569664,0.7730427170656587,0.613367244258352,0.9567099567099567
severity,decision_tree,8,21520,2391,231,0.45180722891566266,0.974025974025974,0.6172839506172839,0.9630892255892256,0.7733068203680744,0.6166700217291075,0.9523809523809523
severity,decision_tree,9,21520,2391,231,0.45,0.935064935064935,0.6075949367088608,0.9683431537598204,0.7808503835806496,0.5994989405370973,0.935064935064935
severity,decision_tree,10,21520,2391,231,0.45528455284552843,0.9696969696969697,0.6196403872752421,0.9649891774891775,0.7641721811520745,0.6179659768634651,0.9567099567099567
severity,random_forest,1,21519,2392,231,0.7816091954022989,0.5887445887445888,0.671604938271605,0.9760302168909296,0.8280979444209547,0.6495848201345823,0.974025974025974
severity,random_forest,2,21520,2391,230,0.8214285714285714,0.6,0.6934673366834171,0.9739070076252941,0.7957653517872666,0.6761633795651242,0.9608695652173913
severity,random_forest,3,21520,2391,230,0.7551020408163265,0.6434782608695652,0.6948356807511737,0.9739241092086997,0.801857476811097,0.667765250369634,0.9652173913043478
severity,random_forest,4,21520,2391,230,0.7857142857142857,0.6695652173913044,0.7230046948356808,0.9743285113574633,0.8112429139554441,0.6987889957282708,0.9565217391304348
severity,random_forest,5,21520,2391,230,0.7295918367346939,0.6217391304347826,0.6713615023474179,0.9647858278172342,0.7598518634128155,0.6419121292374366,0.9434782608695652
severity,random_forest,6,21520,2391,230,0.8066298342541437,0.6347826086956522,0.7104622871046229,0.9789841659457176,0.8142005596514812,0.689534891447528,0.9869565217391304
severity,random_forest,7,21520,2391,231,0.8255813953488372,0.6147186147186147,0.7047146401985112,0.9767416225749559,0.8247158117886795,0.6869757423282296,0.9826839826839827
severity,random_forest,8,21520,2391,231,0.7704081632653061,0.6536796536796536,0.7072599531615925,0.9783870450537118,0.8405012220440491,0.6815313326134166,0.9653679653679653
severity,random_forest,9,21520,2391,231,0.7909604519774012,0.6060606060606061,0.6862745098039216,0.9748546977713644,0.8216838397042757,0.664541063107111,0.9653679653679653
severity,random_forest,10,21520,2391,231,0.7783505154639175,0.6536796536796536,0.7105882352941176,0.9753687670354337,0.8116579668756522,0.6857253250652356,0.9783549783549783
severity,xgboost,1,21519,2392,231,0.8021978021978022,0.6320346320346321,0.7070217917675545,0.9772381713612626,0.83790832362315,0.6855543165883008,0.9826839826839827
severity,xgboost,2,21520,2391,230,0.8103448275862069,0.6130434782608696,0.698019801980198,0.9758706717904352,0.813788962369607,0.6785314138611022,0.9739130434782609
severity,xgboost,3,21520,2391,230,0.7903225806451613,0.6391304347826087,0.7067307692307693,0.9748123855702875,0.8260311598947967,0.6837232344490364,0.9608695652173913
severity,xgboost,4,21520,2391,230,0.7967032967032966,0.6304347826086957,0.7038834951456311,0.9769068265497052,0.8270906921933251,0.6819302818674374,0.9782608695652174
severity,xgboost,5,21520,2391,230,0.735,0.6391304347826087,0.6837209302325581,0.9682011146208479,0.7773495934916596,0.6545623612366207,0.9434782608695652
severity,xgboost,6,21520,2391,230,0.8010752688172043,0.6478260869565218,0.7163461538461539,0.9815081584612599,0.841250800857711,0.6943147351994009,0.991304347826087
severity,xgboost,7,21520,2391,231,0.8076923076923077,0.6363636363636364,0.711864406779661,0.9772426647426646,0.8273820327582262,0.69088063125904,0.9783549783549783
severity,xgboost,8,21520,2391,231,0.8223350253807107,0.7012987012987013,0.7570093457943925,0.9804132595799263,0.8562483469876976,0.7360922364059261,0.9696969696969697
severity,xgboost,9,21520,2391,231,0.7989130434782609,0.6363636363636364,0.708433734939759,0.9764630431297099,0.8323803654960835,0.6864004919409226,0.961038961038961
severity,xgboost,10,21520,2391,231,0.7989690721649485,0.670995670995671,0.7294117647058823,0.9801767676767676,0.8446840037716616,0.7064644681773794,0.987012987012987
severity,lightgbm,1,21519,2392,231,0.6099071207430341,0.8528138528138528,0.7111913357400722,0.9769146479003027,0.838047453988631,0.6866728482774584,0.9653679653679653
severity,lightgbm,2,21520,2391,230,0.6214511041009464,0.8565217391304348,0.720292504570384,0.9756775244955032,0.8131943154755809,0.6964427379551055,0.9608695652173913
severity,lightgbm,3,21520,2391,230,0.632258064516129,0.8521739130434782,0.725925925925926,0.9778765869263425,0.842488033295895,0.7016971731361178,0.9608695652173913
severity,lightgbm,4,21520,2391,230,0.6048632218844985,0.8652173913043478,0.7119856887298748,0.9776170452487777,0.8319808678792795,0.6890921484109216,0.9739130434782609
severity,lightgbm,5,21520,2391,230,0.5710059171597633,0.8391304347826087,0.6795774647887324,0.9690823491539746,0.7876620097004883,0.6533918377463244,0.9391304347826087
severity,lightgbm,6,21520,2391,230,0.6448598130841121,0.9,0.7513611615245009,0.9811802104500733,0.8421236060516866,0.7327628958709539,0.9869565217391304
severity,lightgbm,7,21520,2391,231,0.6486486486486487,0.8311688311688312,0.7286527514231499,0.9772787397787397,0.8304702315921573,0.7023736820409612,0.9696969696969697
severity,lightgbm,8,21520,2391,231,0.6130952380952381,0.8917748917748918,0.7266313932980599,0.980268959435626,0.8476267168129862,0.7069137331117333,0.974025974025974
severity,lightgbm,9,21520,2391,231,0.6314102564102564,0.8528138528138528,0.7255985267034991,0.9779401154401155,0.8395560755119233,0.701272009966001,0.9653679653679653
severity,lightgbm,10,21520,2391,231,0.6163141993957704,0.8831168831168831,0.7259786476868327,0.9786455828122496,0.8380459580083903,0.7051498285085849,0.9783549783549783
szz,logistic_regression,1,21519,2392,30,0.05741626794258373,0.8,0.10714285714285714,0.9239062941010442,0.2658761411458889,0.1855557522823736,0.8333333333333334
szz,logistic_regression,2,21520,2391,29,0.0575,0.7931034482758621,0.10722610722610723,0.9187129551227774,0.20843933901966175,0.1857869072099541,0.8275862068965517
szz,logistic_regression,3,21520,2391,29,0.06443914081145585,0.9310344827586207,0.12053571428571429,0.9574002160647026,0.3381862943011875,0.2202833133102504,0.9655172413793104
szz,logistic_regression,4,21520,2391,29,0.060453400503778336,0.8275862068965517,0.11267605633802817,0.930654909632398,0.16917585600674725,0.1969887534654674,0.8620689655172413
szz,logistic_regression,5,21520,2391,30,0.05426356589147287,0.7,0.10071942446043165,0.9195679796696317,0.28394077452089916,0.16469696405697223,0.8
szz,logistic_regression,6,21520,2391,30,0.0585480093676815,0.8333333333333334,0.10940919037199125,0.9084568685585205,0.21262343881370324,0.19269969467577883,0.8666666666666667
szz,logistic_regression,7,21520,2391,30,0.05357142857142857,0.7,0.0995260663507109,0.8860511082874488,0.19297742258285025,0.16321106081919085,0.8
szz,logistic_regression,8,21520,2391,30,0.06388888888888888,0.7666666666666667,0.11794871794871795,0.9131582662713539,0.18671999323176497,0.19419527162136604,0.8333333333333334
szz,logistic_regression,9,21520,2391,30,0.0630841121495327,0.9,0.11790393013100436,0.953734293378512,0.26096735109180996,0.21200332345894313,0.9
szz,logistic_regression,10,21520,2391,30,0.06209850107066381,0.9666666666666667,0.11670020120724346,0.9501341239587745,0.1715600058244744,0.2193225193380672,0.9666666666666667
szz,decision_tree,1,21519,2392,30,0.08846153846153847,0.7666666666666667,0.15862068965517243,0.8451241885407845,0.1063257090044539,0.23823652407249912,0.8
szz,decision_tree,2,21520,2391,29,0.07755102040816327,0.6551724137931034,0.1386861313868613,0.7927530730824257,0.14827086076092783,0.20194540922459328,0.6551724137931034
szz,decision_tree,3,21520,2391,29,0.08333333333333333,0.6896551724137931,0.14869888475836432,0.8179143916610704,0.24332750007873255,0.2172869233695728,0.7586206896551724
szz,decision_tree,4,21520,2391,29,0.0653061224489796,0.5517241379310345,0.11678832116788321,0.7405690677100062,0.09939845478671183,0.16414783015226245,0.5862068965517241
szz,decision_tree,5,21520,2391,30,0.08695652173913043,0.6,0.1518987341772152,0.778031907383877,0.24249859212045674,0.20580599618374804,0.6333333333333333
szz,decision_tree,6,21520,2391,30,0.08860759493670886,0.7,0.15730337078651685,0.8073415219539742,0.08862557970472441,0.22666355871609506,0.7666666666666667
szz,decision_tree,7,21520,2391,30,0.08636363636363636,0.6333333333333333,0.152,0.7832274459974587,0.15607563930691432,0.21110879793399548,0.7
szz,decision_tree,8,21520,2391,30,0.08653846153846154,0.6,0.15126050420168066,0.7689185373429339,0.11427739091717565,0.20519040979993788,0.7
szz,decision_tree,9,21520,2391,30,0.06504065040650407,0.5333333333333333,0.11594202898550725,0.7254482563885358,0.09557053001531657,0.15970966897942215,0.5666666666666667
szz,decision_tree,10,21520,2391,30,0.0811965811965812,0.6333333333333333,0.14393939393939395,0.7834745164478328,0.17014519934309993,0.20313809624946289,0.6666666666666666
szz,random_forest,1,21519,2392,30,0.5714285714285714,0.26666666666666666,0.36363636363636365,0.9294665537679931,0.34418295570927177,0.3853386038667346,0.9333333333333333
szz,random_forest,2,21520,2391,29,0.3333333333333333,0.034482758620689655,0.0625,0.9333119215159567,0.2005826603591364,0.10400775938566029,0.896551724137931
szz,random_forest,3,21520,2391,29,0.5714285714285714,0.13793103448275862,0.2222222222222222,0.9537796723991943,0.32140790728438273,0.27687334915498724,0.9655172413793104
szz,random_forest,4,21520,2391,29,0.2857142857142857,0.06896551724137931,0.1111111111111111,0.9301877427078165,0.15734099117106906,0.13543457598340844,0.9655172413793104
szz,random_forest,5,21520,2391,30,0.75,0.1,0.17647058823529413,0.9429337851192997,0.3397719314890142,0.27121209769388205,0.9666666666666667
szz,random_forest,6,21520,2391,30,0.16666666666666666,0.03333333333333333,0.05555555555555555,0.9387053508400396,0.18201533353451804,0.0694480898033359,0.9666666666666667
szz,random_forest,7,21520,2391,30,0.5833333333333334,0.23333333333333334,0.3333333333333333,0.9288366511365242,0.3277335734679345,0.3641982746864133,0.9
szz,random_forest,8,21520,2391,30,0.6,0.1,0.17142857142857143,0.9661442891430185,0.3447748325610677,0.24159827308819276,0.9666666666666667
szz,random_forest,9,21520,2391,30,0.75,0.1,0.17647058823529413,0.9630947338698291,0.27817851462312065,0.27121209769388205,1.0
szz,random_forest,10,21520,2391,30,0.4444444444444444,0.13333333333333333,0.20512820512820512,0.9582521530424961,0.23727711456325054,0.23850743065458646,1.0
szz,xgboost,1,21519,2392,30,0.42857142857142855,0.1,0.16216216216216217,0.9499435506632797,0.31347488874064366,0.20253015003176533,0.9333333333333333
szz,xgboost,2,21520,2391,29,0.2,0.034482758620689655,0.058823529411764705,0.9335893018774271,0.16866013941791308,0.0785688840133894,0.896551724137931
szz,xgboost,3,21520,2391,29,0.5,0.06896551724137931,0.12121212121212122,0.964758095126865,0.3371988321285829,0.18245240134603805,0.9655172413793104
szz,xgboost,4,21520,2391,29,0.0,0.0,0.0,0.9559549183917778,0.23739300060972193,-0.003927376330968943,0.9655172413793104
szz,xgboost,5,21520,2391,30,0.0,0.0,0.0,0.9470139771283355,0.3215908986734591,-0.002305757783473437,0.9333333333333333
szz,xgboost,6,21520,2391,30,0.5714285714285714,0.13333333333333333,0.21621621621621623,0.9519130312014683,0.27329370758725124,0.2720737227990758,0.9666666666666667
szz,xgboost,7,21520,2391,30,0.6666666666666666,0.06666666666666667,0.12121212121212122,0.9364675984752224,0.24671469764149784,0.20829152226346628,0.9333333333333333
szz,xgboost,8,21520,2391,30,0.4,0.06666666666666667,0.11428571428571428,0.950840039531272,0.24910856214787158,0.1593454650355274,0.9666666666666667
szz,xgboost,9,21520,2391,30,0.8333333333333334,0.16666666666666666,0.2777777777777778,0.9619793872652831,0.3443542447322492,0.36985583782644965,0.9666666666666667
szz,xgboost,10,21520,2391,30,0.25,0.06666666666666667,0.10526315789473684,0.9567979669631511,0.2244870798846397,0.12360370655518615,1.0
szz,lightgbm,1,21519,2392,30,0.32653061224489793,0.5333333333333333,0.4050632911392405,0.9510160880609653,0.3699317863418878,0.40802489592620045,0.9333333333333333
szz,lightgbm,2,21520,2391,29,0.225,0.3103448275862069,0.2608695652173913,0.9264066104119828,0.18105418502741885,0.253665372623546,0.8620689655172413
szz,lightgbm,3,21520,2391,29,0.2833333333333333,0.5862068965517241,0.38202247191011235,0.9652982568834128,0.33246583884210756,0.39750448894943236,0.9655172413793104
szz,lightgbm,4,21520,2391,29,0.1956521739130435,0.3103448275862069,0.24,0.9510934625828491,0.18476192012274117,0.23482237099197187,1.0
szz,lightgbm,5,21520,2391,30,0.35135135135135137,0.43333333333333335,0.3880597014925373,0.9421290413666524,0.3392576215587008,0.38160802711791975,0.8666666666666667
szz,lightgbm,6,21520,2391,30,0.23529411764705882,0.4,0.2962962962962963,0.9475928278977833,0.3377980337614408,0.2954337500890335,0.9333333333333333
szz,lightgbm,7,21520,2391,30,0.2549019607843137,0.43333333333333335,0.32098765432098764,0.919412678243682,0.3472976747068894,0.3214400123842577,0.8666666666666667
szz,lightgbm,8,21520,2391,30,0.2391304347826087,0.36666666666666664,0.2894736842105263,0.9501058873358745,0.2823332599120222,0.2851060970746998,0.9666666666666667
szz,lightgbm,9,21520,2391,30,0.2608695652173913,0.4,0.3157894736842105,0.9588310038119441,0.3522700869594072,0.31246008279379645,0.9666666666666667
szz,lightgbm,10,21520,2391,30,0.18181818181818182,0.3333333333333333,0.23529411764705882,0.9538895948044613,0.2576759595439923,0.23334514810930057,0.9666666666666667
