PROJECT_ID,KEY,PRIORITY,TYPE,STATUS,RESOLUTION,REPORTER,CREATOR_NAME,ASSIGNEE,LABELS,SUMMARY,DESCRIPTION,TIME_ORIGINAL_ESTIMATE,AGGREGATE_TIME_ORGINAL_ESTIMATE,AGGREGATE_TIME_SPENT,TIME_SPENT,TIME_ESTIMATE,AGGREGATE_TIME_ESTIMATE,CREATION_DATE,RESOLUTION_DATE,UPDATE_DATE,DUE_DATE,WATCH_COUNT,VOTES,CREATOR_ACTIVE,VERSIONS,FIX_VERSIONS,PROGRESS_PERCENT,HASH,COMMIT_DATE
org.apache:archiva,MRM-2021,Minor,Bug,Open,,macgayver,macgayver,,[],Rest API + searchService/artifact + No Content,"Dear, first of all, I am using a translator, so I apologize for any mistakes made.
  
 I'm having trouble returning the latest version with the REST api, my RAW HTTP is as follows:
  
 GET /restServices/archivaServices/searchService/artifact?g=blah&a=blah&v=LATEST HTTP/1.1
 > Host: archiva.blah.com
 > User-Agent: insomnia / 7.1.1
 > Cookie: JSESSIONID = blahblah
 > Accept: * / *
  
 <HTTP / 1.1 204 No Content
 <Server: nginx
 <Date: Mon, 19 Oct 2020 21:24:12 GMT
 <Content-Length: 0
 <Connection: keep-alive
 <Keep-Alive: timeout = 10
  
 In fact, other calls are working well, including
 ""restServices / archivaServices / browseService / versionsList / blah / blah""
 Returning in order (I take the opportunity to ask if it is in order that this command works).
  
 Regarding our use, we are not going to use it for Java, but to upload binary releases in the format ""EXE"", and we added in ""Repository Scanning"" in the artifacts section the option ""** / *. Exe"" everything is working very well. Our ""maven-metada.xml"" file is correct, and identifying which version is ""<latest>"" correctly, in addition to the history being also correct.
  
 So I will answer some questions that you asked in 2018 on the same topic.
 ========
 Is anonymous access allowed to your repository?
 No, but I'm testing it as an administrator. (using cookies /restServices/redbackServices/loginService/logIn)
  
 ========
 How many repositories do you have? Is it the same, if you set the repository ID with the 'r'-Parameter?
  
 id = manager
 directory = / var / opt / archiva-data / repositories / updates
 releases = true
 snapshots = true (I tried false and the same thing happens)
 Skip Packed Index Creation = false
  
 ========
 Can you find the artifact on the web UI with the given entries?
 Yes, it works perfectly and in order in the listing.
  
 ========
 Is there any info in the log file? If not, could you please change it to debug level, and send it to me?
  
 I don't know how to put it into debug mode, but logs are generated, but if I delete them all, and ask for the artifacts command for rest, it doesn't generate a log.
 
 ",,,,,,,2020-10-19 23:17:39 +0000,,2020-10-19 23:18:31 +0000,,1,0,True,['2.2.5'],[],,,
org.apache:archiva,MRM-2020,Trivial,Bug,Open,,bkauling,bkauling,,[],'archiva' shell script for linux generated by appassembler plugin does not honor the ARCHIVA_BASE environment variable,"I followed the installation guide for the standalone installation: [https://archiva.apache.org/docs/2.2.5/adminguide/standalone.html]

I also decided to separate the base from the installation and followed the steps mentioned accordingly. I've split my installation into /opt/archiva and /var/archiva.

Step 4 indicates, that the ARCHIVA_BASE environment variable has to be set to the new location of archiva, which i have done.

As i tried to start archiva with
{code:java}
$ ./archiva start
{code}
i received the following error message:
{noformat}
Starting Apache Archiva...
FATAL  | wrapper  | Unable to resolve the full path of the configuration file, /opt/archiva/conf/wrapper.conf: No such file or directory{noformat}
After some digging around in the shell script, i noticed this part starting on line 44.
{code:java}
BASEDIR=`dirname ""$0""`/..
BASEDIR=`(cd ""$BASEDIR""; pwd)`
ls -l ""$0"" | grep -e '->' > /dev/null 2>&1
if [ $? = 0 ]; then
  #this is softlink
  _PWD=`pwd`
  _EXEDIR=`dirname ""$0""`
  cd ""$_EXEDIR""
  _BASENAME=`basename ""$0""`
  _REALFILE=`ls -l ""$_BASENAME"" | sed 's/.*->\ //g'`
   BASEDIR=`dirname ""$_REALFILE""`/..
   BASEDIR=`(cd ""$BASEDIR""; pwd)`
   cd ""$_PWD""
fi
{code}
which determines the BASEDIR environment variable which is used to point to the 'wrapper.conf' configuration file which i expected to be now in /var/archiva/conf/wrapper.conf.

After changing the script to the following:
{code:java}
if [ -z ""$ARCHIVA_BASE"" ]; then 
  BASEDIR=`dirname ""$0""`/..
  BASEDIR=`(cd ""$BASEDIR""; pwd)`
  ls -l ""$0"" | grep -e '->' > /dev/null 2>&1
  if [ $? = 0 ]; then
    #this is softlink
    _PWD=`pwd`
    _EXEDIR=`dirname ""$0""`
    cd ""$_EXEDIR""
    _BASENAME=`basename ""$0""`
    _REALFILE=`ls -l ""$_BASENAME"" | sed 's/.*->\ //g'`
     BASEDIR=`dirname ""$_REALFILE""`/..
     BASEDIR=`(cd ""$BASEDIR""; pwd)`
     cd ""$_PWD""
  fi
else
  BASEDIR=$ARCHIVA_BASE
fi
{code}
Archiva starts up correctly.

Step 2 of the installation guide instructs the reader to copy the files instead of moving them, because the ""move will fail"". I can only imagine what that means, but after what i've learned now it may indicate that the ""failing part"" may not be the move operation itself, but the successful start of archiva, if the 'wrapper.conf' is moved too.

What i did was to copy the files, delete the old configuration files and to create a readme to remind myself where the config files are now. Including the 'wrapper.conf'.

That leaves me with two options:

Either this is a ""bug"" in the documentation or a bug in the generated shell script.
h3. Proposal:

 

So either

1) The documentation needs to be adjusted to state in step 2 that the wrapper.conf should stay in the base directory if that is what step 2 of the documentation really means.

or

2) The generated shell script should include the above mentioned check.

 

If option 1 is the correct one, i'd volunteer to provide a better documentation for that section.

If option 2 is the correct one, i am afraid that i don't know how to fix that. I've poked around the source code and i've read the appassembler documentation, but i am not sure if that is even possible with the plugin.",,,,,,,2020-10-12 02:45:36 +0000,,2020-10-12 02:45:36 +0000,,1,0,True,['2.2.5'],[],,,
org.apache:archiva,MRM-2019,Major,Bug,Open,,Klyshko,Klyshko,,[],Could not retrieve metadata of the files after publish from gradle,"h3. Steps to reproduce:
1. Publish maven artifact from new gradle 6.*
2. Go to ""artifact page / artifacts tab"" and see artifacts with packaging ""jar"", ""jar.sha256"", ""jar.sha512"", ""module"", ""module.sha256"", ""module.sha512"", ""pom"", ""pom.sha256"", ""pom.sha512""
3. Reload browser page

h3. Expected behavior: 

Page reloaded successfully, artifacts visible and downloadable.

h3. Actual behavior:
Error ""Could not retrieve metadata of the files"" on top of page, list of artifacts not visible.",,,,,,,2020-08-15 20:04:30 +0000,,2020-08-16 09:13:20 +0000,,1,0,True,['2.2.5'],[],,,
